Weather_Date,PRCP,SNOW,TMAX,TMIN
2010-01-01,1.0,0.0,5.0,0.0
2010-01-02,0.0,3.0,0.6,-8.3
2010-01-03,0.0,0.0,-4.4,-7.8
2010-01-04,0.0,0.0,0.0,-6.7
2010-01-05,0.0,0.0,0.0,-6.1
2010-01-06,0.0,0.0,2.2,-3.3
2010-01-07,0.0,0.0,4.4,-1.7
2010-01-08,0.8,10.0,0.6,-5.0
2010-01-09,0.0,0.0,0.0,-7.2
2010-01-10,0.0,0.0,-1.1,-10.0
2010-01-11,0.0,0.0,0.0,-6.1
2010-01-12,0.0,0.0,2.8,-4.4
2010-01-13,0.0,0.0,2.2,-4.4
2010-01-14,0.0,0.0,3.9,-3.9
2010-01-15,0.0,0.0,10.0,-2.8
2010-01-16,0.0,0.0,9.4,0.6
2010-01-17,16.3,0.0,5.6,-0.6
2010-01-18,0.5,0.0,10.0,2.2
2010-01-19,0.0,0.0,7.8,0.6
2010-01-20,0.0,0.0,6.7,0.6
2010-01-21,0.0,0.0,6.1,-1.7
2010-01-22,0.0,0.0,7.2,0.0
2010-01-23,0.0,0.0,5.6,-3.3
2010-01-24,0.0,0.0,9.4,-2.8
2010-01-25,21.6,0.0,11.7,7.2
2010-01-26,0.3,0.0,8.3,1.7
2010-01-27,0.0,0.0,5.6,-1.1
2010-01-28,2.0,23.0,6.1,-6.7
2010-01-29,0.0,0.0,-3.9,-8.9
2010-01-30,0.0,0.0,-6.7,-10.0
2010-01-31,0.0,0.0,-1.1,-9.4
2010-02-01,0.0,0.0,2.8,-3.9
2010-02-02,0.0,0.0,0.6,-3.9
2010-02-03,0.8,13.0,4.4,-2.2
2010-02-04,0.0,0.0,3.3,-1.7
2010-02-05,0.0,0.0,2.8,-1.7
2010-02-06,2.8,41.0,0.6,-6.1
2010-02-07,0.0,0.0,1.7,-8.9
2010-02-08,0.0,0.0,3.9,-5.0
2010-02-09,0.5,5.0,4.4,-2.2
2010-02-10,31.5,277.0,0.6,-1.1
2010-02-11,0.0,0.0,2.8,-2.2
2010-02-12,0.0,0.0,2.2,-3.9
2010-02-13,0.0,0.0,0.0,-4.4
2010-02-14,0.0,0.0,3.9,-2.8
2010-02-15,2.0,13.0,2.8,-2.8
2010-02-16,10.2,112.0,1.1,-1.1
2010-02-17,0.0,0.0,1.1,-3.3
2010-02-18,0.0,0.0,4.4,-0.6
2010-02-19,0.0,0.0,6.1,1.7
2010-02-20,0.0,0.0,7.2,1.7
2010-02-21,0.0,0.0,8.3,0.6
2010-02-22,1.0,0.0,6.7,-2.2
2010-02-23,29.7,0.0,3.9,2.2
2010-02-24,12.4,0.0,5.6,3.3
2010-02-25,40.4,74.0,3.3,-2.2
2010-02-26,21.6,216.0,1.1,-3.9
2010-02-27,0.0,3.0,2.8,-1.7
2010-02-28,0.0,0.0,4.4,-1.1
2010-03-01,0.0,0.0,9.4,2.2
2010-03-02,0.0,0.0,8.3,1.1
2010-03-03,0.8,0.0,5.0,1.1
2010-03-04,0.0,0.0,9.4,2.2
2010-03-05,0.0,0.0,9.4,1.1
2010-03-06,0.0,0.0,12.8,-0.6
2010-03-07,0.0,0.0,15.0,1.7
2010-03-08,0.0,0.0,17.2,3.9
2010-03-09,0.0,0.0,16.7,4.4
2010-03-10,0.0,0.0,12.2,2.8
2010-03-11,0.0,0.0,11.7,6.1
2010-03-12,12.7,0.0,8.9,5.6
2010-03-13,44.2,0.0,11.1,4.4
2010-03-14,9.4,0.0,10.0,5.6
2010-03-15,6.9,0.0,7.2,5.6
2010-03-16,0.0,0.0,17.2,5.0
2010-03-17,0.0,0.0,17.2,2.8
2010-03-18,0.0,0.0,18.9,4.4
2010-03-19,0.0,0.0,20.6,5.6
2010-03-20,0.0,0.0,21.1,7.2
2010-03-21,0.0,0.0,14.4,7.2
2010-03-22,26.2,0.0,13.9,8.9
2010-03-23,2.5,0.0,10.6,7.2
2010-03-24,0.0,0.0,16.7,6.1
2010-03-25,0.3,0.0,12.2,5.0
2010-03-26,1.3,0.0,12.8,1.1
2010-03-27,0.0,0.0,4.4,-1.7
2010-03-28,3.6,0.0,8.9,1.7
2010-03-29,52.8,0.0,11.1,8.3
2010-03-30,58.2,0.0,11.1,6.1
2010-03-31,0.3,0.0,15.0,6.7
2010-04-01,0.0,0.0,17.2,7.2
2010-04-02,0.0,0.0,16.1,5.6
2010-04-03,0.0,0.0,10.6,6.7
2010-04-04,0.0,0.0,22.8,8.3
2010-04-05,0.0,0.0,20.0,11.1
2010-04-06,0.0,0.0,22.8,10.6
2010-04-07,0.0,0.0,30.6,11.1
2010-04-08,0.0,0.0,20.6,11.7
2010-04-09,10.4,0.0,16.7,7.8
2010-04-10,0.0,0.0,16.7,5.6
2010-04-11,0.0,0.0,22.8,7.8
2010-04-12,0.0,0.0,19.4,7.8
2010-04-13,0.0,0.0,12.8,7.2
2010-04-14,0.0,0.0,18.3,6.1
2010-04-15,0.0,0.0,22.8,9.4
2010-04-16,11.2,0.0,11.1,7.8
2010-04-17,0.3,0.0,12.8,7.8
2010-04-18,0.0,0.0,14.4,6.7
2010-04-19,0.0,0.0,17.2,8.3
2010-04-20,0.0,0.0,19.4,8.9
2010-04-21,1.5,0.0,17.8,8.3
2010-04-22,2.3,0.0,18.9,10.0
2010-04-23,0.0,0.0,20.6,6.7
2010-04-24,0.0,0.0,17.2,8.9
2010-04-25,39.4,0.0,11.1,7.8
2010-04-26,19.8,0.0,11.7,9.4
2010-04-27,1.0,0.0,15.6,5.6
2010-04-28,0.0,0.0,13.9,4.4
2010-04-29,0.0,0.0,21.7,8.3
2010-04-30,0.0,0.0,23.3,10.0
2010-05-01,0.0,0.0,26.7,12.2
2010-05-02,0.0,0.0,23.9,14.4
2010-05-03,17.0,0.0,26.7,16.1
2010-05-04,0.3,0.0,27.2,14.4
2010-05-05,0.0,0.0,23.9,12.2
2010-05-06,0.0,0.0,26.7,12.2
2010-05-07,0.0,0.0,20.0,11.7
2010-05-08,0.0,0.0,25.6,10.6
2010-05-09,0.0,0.0,13.3,7.2
2010-05-10,0.0,0.0,16.7,5.6
2010-05-11,0.5,0.0,13.9,6.1
2010-05-12,8.1,0.0,9.4,7.2
2010-05-13,0.0,0.0,17.2,6.1
2010-05-14,0.0,0.0,25.0,11.1
2010-05-15,0.0,0.0,23.9,15.6
2010-05-16,0.0,0.0,23.3,12.8
2010-05-17,0.0,0.0,23.9,11.1
2010-05-18,22.9,0.0,15.0,10.6
2010-05-19,0.0,0.0,19.4,10.6
2010-05-20,0.0,0.0,22.2,12.8
2010-05-21,0.0,0.0,29.4,14.4
2010-05-22,0.0,0.0,21.1,14.4
2010-05-23,0.0,0.0,22.8,17.2
2010-05-24,1.3,0.0,22.8,15.6
2010-05-25,0.0,0.0,23.3,13.9
2010-05-26,0.0,0.0,32.8,16.1
2010-05-27,0.3,0.0,28.9,13.3
2010-05-28,0.0,0.0,20.0,13.3
2010-05-29,0.0,0.0,21.1,15.0
2010-05-30,0.0,0.0,31.1,18.3
2010-05-31,0.0,0.0,28.9,18.9
2010-06-01,1.0,0.0,30.6,18.3
2010-06-02,0.0,0.0,27.2,17.8
2010-06-03,0.0,0.0,31.1,17.8
2010-06-04,0.0,0.0,31.1,21.1
2010-06-05,0.0,0.0,32.2,21.1
2010-06-06,0.0,0.0,31.7,16.7
2010-06-07,0.0,0.0,26.1,14.4
2010-06-08,0.0,0.0,24.4,15.0
2010-06-09,25.1,0.0,20.0,11.7
2010-06-10,0.5,0.0,23.9,14.4
2010-06-11,0.0,0.0,21.7,14.4
2010-06-12,0.0,0.0,23.3,16.1
2010-06-13,0.8,0.0,26.7,18.9
2010-06-14,0.5,0.0,23.3,18.3
2010-06-15,0.0,0.0,26.1,16.7
2010-06-16,0.0,0.0,23.3,15.6
2010-06-17,2.0,0.0,25.6,18.9
2010-06-18,0.0,0.0,28.3,16.7
2010-06-19,0.0,0.0,25.0,16.1
2010-06-20,0.0,0.0,32.8,20.0
2010-06-21,0.0,0.0,32.8,23.3
2010-06-22,4.6,0.0,28.9,21.7
2010-06-23,0.0,0.0,34.4,21.7
2010-06-24,0.0,0.0,36.1,24.4
2010-06-25,0.0,0.0,29.4,21.7
2010-06-26,0.0,0.0,32.8,20.6
2010-06-27,0.0,0.0,30.6,22.2
2010-06-28,0.0,0.0,36.7,24.4
2010-06-29,0.0,0.0,33.9,21.7
2010-06-30,0.0,0.0,27.2,17.8
2010-07-01,0.0,0.0,27.2,17.8
2010-07-02,0.0,0.0,28.3,16.7
2010-07-03,0.0,0.0,30.6,18.9
2010-07-04,0.0,0.0,38.3,20.6
2010-07-05,0.0,0.0,36.1,21.7
2010-07-06,0.0,0.0,38.3,23.9
2010-07-07,0.0,0.0,37.8,25.0
2010-07-08,0.0,0.0,30.6,24.4
2010-07-09,0.0,0.0,30.6,23.3
2010-07-10,0.0,0.0,28.3,23.3
2010-07-11,0.0,0.0,32.2,22.8
2010-07-12,0.0,0.0,32.2,21.7
2010-07-13,21.6,0.0,28.3,23.3
2010-07-14,7.4,0.0,27.8,23.3
2010-07-15,0.0,0.0,30.0,22.8
2010-07-16,0.0,0.0,30.6,23.3
2010-07-17,0.0,0.0,33.9,26.1
2010-07-18,0.0,0.0,35.0,25.0
2010-07-19,14.7,0.0,31.1,23.3
2010-07-20,0.0,0.0,31.7,23.9
2010-07-21,0.0,0.0,32.2,24.4
2010-07-22,0.0,0.0,32.8,23.9
2010-07-23,15.5,0.0,28.9,23.3
2010-07-24,0.0,0.0,36.1,26.7
2010-07-25,2.0,0.0,33.9,23.3
2010-07-26,0.0,0.0,31.7,20.0
2010-07-27,0.0,0.0,32.2,21.7
2010-07-28,0.0,0.0,30.0,21.7
2010-07-29,0.8,0.0,30.6,23.3
2010-07-30,0.0,0.0,26.7,20.0
2010-07-31,0.0,0.0,27.2,17.8
2010-08-01,0.0,0.0,26.7,20.6
2010-08-02,0.0,0.0,27.2,20.0
2010-08-03,0.0,0.0,28.3,21.7
2010-08-04,0.0,0.0,29.4,22.8
2010-08-05,0.0,0.0,35.6,23.3
2010-08-06,0.0,0.0,32.8,20.6
2010-08-07,0.0,0.0,28.3,17.8
2010-08-08,0.0,0.0,30.0,21.1
2010-08-09,0.0,0.0,30.6,22.2
2010-08-10,0.0,0.0,31.7,23.9
2010-08-11,0.0,0.0,33.9,23.9
2010-08-12,0.3,0.0,24.4,21.1
2010-08-13,0.0,0.0,26.7,20.0
2010-08-14,0.0,0.0,25.6,16.7
2010-08-15,0.5,0.0,26.1,20.6
2010-08-16,3.0,0.0,28.9,21.7
2010-08-17,0.0,0.0,32.2,22.8
2010-08-18,0.0,0.0,27.2,21.7
2010-08-19,0.0,0.0,30.0,19.4
2010-08-20,0.0,0.0,33.3,22.2
2010-08-21,0.0,0.0,28.3,19.4
2010-08-22,45.0,0.0,26.1,20.6
2010-08-23,5.6,0.0,21.7,18.3
2010-08-24,2.8,0.0,21.1,17.8
2010-08-25,22.1,0.0,21.1,17.8
2010-08-26,0.0,0.0,28.9,19.4
2010-08-27,0.0,0.0,26.7,16.1
2010-08-28,0.0,0.0,28.3,16.1
2010-08-29,0.0,0.0,33.9,17.2
2010-08-30,0.0,0.0,33.3,20.0
2010-08-31,0.0,0.0,36.1,22.2
2010-09-01,0.0,0.0,33.3,22.8
2010-09-02,0.0,0.0,30.0,22.8
2010-09-03,0.0,0.0,29.4,22.8
2010-09-04,0.0,0.0,27.8,18.3
2010-09-05,0.0,0.0,25.6,16.7
2010-09-06,0.0,0.0,25.0,15.0
2010-09-07,0.0,0.0,27.8,18.9
2010-09-08,0.0,0.0,33.3,18.9
2010-09-09,0.0,0.0,23.3,17.2
2010-09-10,0.0,0.0,24.4,16.1
2010-09-11,0.0,0.0,26.1,14.4
2010-09-12,13.0,0.0,20.0,13.3
2010-09-13,4.6,0.0,24.4,12.8
2010-09-14,0.0,0.0,26.1,15.6
2010-09-15,0.0,0.0,22.8,13.3
2010-09-16,20.8,0.0,22.8,11.7
2010-09-17,6.4,0.0,23.9,16.1
2010-09-18,0.0,0.0,22.8,16.1
2010-09-19,0.0,0.0,25.0,15.6
2010-09-20,0.0,0.0,23.3,15.0
2010-09-21,0.0,0.0,21.1,11.7
2010-09-22,9.1,0.0,26.7,17.8
2010-09-23,0.0,0.0,26.7,18.9
2010-09-24,0.0,0.0,25.0,20.0
2010-09-25,0.0,0.0,30.6,19.4
2010-09-26,7.4,0.0,23.9,17.2
2010-09-27,23.1,0.0,22.8,16.7
2010-09-28,0.0,0.0,23.3,20.6
2010-09-29,0.0,0.0,25.6,17.2
2010-09-30,26.9,0.0,25.0,21.1
2010-10-01,51.3,0.0,23.9,14.4
2010-10-02,0.0,0.0,20.0,11.1
2010-10-03,1.3,0.0,17.8,11.1
2010-10-04,11.9,0.0,13.9,11.7
2010-10-05,0.3,0.0,18.3,13.3
2010-10-06,0.3,0.0,18.3,12.8
2010-10-07,0.0,0.0,22.8,11.7
2010-10-08,0.0,0.0,22.8,12.2
2010-10-09,0.0,0.0,23.3,11.1
2010-10-10,0.0,0.0,20.6,6.7
2010-10-11,17.5,0.0,23.9,12.8
2010-10-12,0.3,0.0,21.7,12.2
2010-10-13,0.0,0.0,18.9,8.9
2010-10-14,23.6,0.0,18.3,8.3
2010-10-15,0.3,0.0,15.6,10.0
2010-10-16,0.0,0.0,16.1,10.6
2010-10-17,0.0,0.0,21.7,8.9
2010-10-18,0.0,0.0,16.7,9.4
2010-10-19,2.3,0.0,15.0,8.9
2010-10-20,0.0,0.0,15.6,7.8
2010-10-21,0.0,0.0,18.3,10.0
2010-10-22,0.0,0.0,12.8,8.3
2010-10-23,0.0,0.0,18.3,7.2
2010-10-24,0.0,0.0,18.9,11.1
2010-10-25,0.0,0.0,20.6,11.1
2010-10-26,0.0,0.0,20.6,15.6
2010-10-27,3.3,0.0,19.4,17.2
2010-10-28,0.0,0.0,24.4,12.2
2010-10-29,0.0,0.0,15.0,8.9
2010-10-30,0.0,0.0,14.4,6.1
2010-10-31,0.0,0.0,16.7,5.6
2010-11-01,0.0,0.0,10.0,2.8
2010-11-02,0.0,0.0,11.1,2.2
2010-11-03,0.0,0.0,11.7,2.2
2010-11-04,22.6,0.0,10.6,7.8
2010-11-05,2.0,0.0,12.8,7.2
2010-11-06,0.0,0.0,11.7,4.4
2010-11-07,0.0,0.0,11.1,3.3
2010-11-08,0.8,0.0,7.8,5.0
2010-11-09,0.0,0.0,12.8,5.0
2010-11-10,0.0,0.0,14.4,7.8
2010-11-11,0.0,0.0,13.9,5.0
2010-11-12,0.0,0.0,18.3,4.4
2010-11-13,0.0,0.0,18.9,6.1
2010-11-14,0.0,0.0,16.1,2.8
2010-11-15,0.0,0.0,15.6,8.3
2010-11-16,8.6,0.0,15.0,10.6
2010-11-17,10.9,0.0,16.7,10.6
2010-11-18,0.3,0.0,13.3,7.2
2010-11-19,0.0,0.0,10.0,3.3
2010-11-20,0.0,0.0,13.3,3.9
2010-11-21,0.0,0.0,9.4,2.2
2010-11-22,0.0,0.0,15.6,7.2
2010-11-23,0.0,0.0,15.6,10.0
2010-11-24,0.0,0.0,10.6,5.0
2010-11-25,1.5,0.0,10.0,3.3
2010-11-26,2.3,0.0,12.2,4.4
2010-11-27,0.0,0.0,6.7,1.7
2010-11-28,0.0,0.0,8.3,1.1
2010-11-29,0.0,0.0,8.9,-0.6
2010-11-30,0.5,0.0,13.3,8.3
2010-12-01,24.6,0.0,15.0,4.4
2010-12-02,0.0,0.0,6.7,1.1
2010-12-03,0.0,0.0,5.6,1.1
2010-12-04,0.0,0.0,6.1,0.6
2010-12-05,0.0,0.0,2.8,-0.6
2010-12-06,0.0,0.0,2.2,-0.6
2010-12-07,0.0,0.0,3.9,-0.6
2010-12-08,0.0,0.0,2.2,-2.2
2010-12-09,0.0,0.0,0.0,-5.6
2010-12-10,0.0,0.0,3.3,-7.2
2010-12-11,0.0,0.0,6.7,-2.8
2010-12-12,29.2,0.0,13.3,5.6
2010-12-13,0.5,5.0,10.0,-5.6
2010-12-14,0.0,0.0,-3.9,-7.2
2010-12-15,0.0,0.0,-1.1,-6.7
2010-12-16,0.0,0.0,-1.1,-4.4
2010-12-17,0.0,0.0,3.3,-5.6
2010-12-18,0.0,0.0,2.8,-3.9
2010-12-19,0.0,0.0,3.3,-2.2
2010-12-20,0.0,0.0,3.9,-3.3
2010-12-21,0.0,0.0,6.1,-1.7
2010-12-22,0.0,0.0,5.0,-1.7
2010-12-23,0.0,0.0,2.8,-0.6
2010-12-24,0.0,0.0,5.6,-1.1
2010-12-25,0.0,0.0,0.6,-3.3
2010-12-26,17.5,267.0,-0.6,-5.6
2010-12-27,7.6,130.0,-2.8,-6.1
2010-12-28,0.0,0.0,3.3,-5.0
2010-12-29,0.0,0.0,3.3,-2.2
2010-12-30,0.0,0.0,3.9,-6.7
2010-12-31,0.0,0.0,4.4,-1.1
2011-01-01,0.0,0.0,6.1,0.6
2011-01-02,2.8,0.0,9.4,2.2
2011-01-03,0.0,0.0,2.2,-2.2
2011-01-04,0.0,0.0,3.3,-2.2
2011-01-05,0.0,0.0,4.4,-2.2
2011-01-06,0.0,0.0,1.1,-5.0
2011-01-07,1.8,20.0,2.2,-3.9
2011-01-08,0.0,5.0,0.0,-6.7
2011-01-09,0.0,0.0,0.6,-2.8
2011-01-10,0.0,0.0,2.2,-3.9
2011-01-11,4.6,48.0,0.0,-5.0
2011-01-12,10.7,107.0,0.0,-4.4
2011-01-13,0.0,0.0,-0.6,-7.8
2011-01-14,0.0,0.0,-1.1,-9.4
2011-01-15,0.0,0.0,2.2,-6.1
2011-01-16,0.0,0.0,2.2,-3.3
2011-01-17,0.0,0.0,-2.8,-6.7
2011-01-18,32.5,0.0,7.2,-4.4
2011-01-19,2.0,0.0,5.6,1.1
2011-01-20,0.0,0.0,2.2,-1.1
2011-01-21,9.7,99.0,1.1,-7.2
2011-01-22,0.0,0.0,-3.9,-10.0
2011-01-23,0.0,0.0,-3.9,-11.1
2011-01-24,0.0,0.0,-3.9,-14.4
2011-01-25,0.5,8.0,1.7,-4.4
2011-01-26,15.5,152.0,1.1,-3.9
2011-01-27,9.7,109.0,2.8,-3.3
2011-01-28,0.3,5.0,1.7,-5.0
2011-01-29,0.3,8.0,1.1,-5.0
2011-01-30,0.0,0.0,3.9,-4.4
2011-01-31,0.0,0.0,0.0,-6.7
2011-02-01,1.8,13.0,0.6,-3.9
2011-02-02,17.5,0.0,3.9,-2.8
2011-02-03,0.0,0.0,1.1,-4.4
2011-02-04,0.0,0.0,0.6,-6.7
2011-02-05,5.8,0.0,6.1,-5.6
2011-02-06,0.0,0.0,7.2,0.0
2011-02-07,2.5,0.0,4.4,-1.7
2011-02-08,3.3,0.0,4.4,-7.2
2011-02-09,0.0,0.0,-1.7,-8.9
2011-02-10,0.0,0.0,-1.7,-5.0
2011-02-11,0.0,0.0,2.2,-6.7
2011-02-12,0.0,0.0,5.0,-4.4
2011-02-13,0.0,0.0,5.6,-4.4
2011-02-14,0.0,0.0,15.0,2.2
2011-02-15,0.0,0.0,3.3,-2.8
2011-02-16,0.0,0.0,6.1,-5.0
2011-02-17,0.0,0.0,12.8,4.4
2011-02-18,2.5,0.0,19.4,4.4
2011-02-19,0.0,0.0,12.2,-5.0
2011-02-20,0.0,0.0,5.6,-5.6
2011-02-21,4.8,58.0,3.3,-3.9
2011-02-22,0.0,0.0,1.1,-8.3
2011-02-23,0.0,0.0,6.1,-5.6
2011-02-24,1.5,0.0,5.0,-5.0
2011-02-25,32.0,0.0,12.2,0.6
2011-02-26,0.0,0.0,5.6,0.0
2011-02-27,0.0,0.0,11.7,3.9
2011-02-28,9.4,0.0,15.6,4.4
2011-03-01,0.0,0.0,9.4,0.6
2011-03-02,0.0,0.0,13.3,-3.3
2011-03-03,0.0,0.0,0.6,-6.7
2011-03-04,0.0,0.0,5.0,-4.4
2011-03-05,0.0,0.0,11.7,5.0
2011-03-06,33.5,0.0,10.6,7.2
2011-03-07,1.8,0.0,10.6,1.1
2011-03-08,0.0,0.0,8.9,-1.7
2011-03-09,0.0,0.0,6.7,-0.6
2011-03-10,13.5,0.0,9.4,3.3
2011-03-11,16.3,0.0,12.8,5.0
2011-03-12,0.0,0.0,12.8,3.3
2011-03-13,0.0,0.0,11.7,3.9
2011-03-14,0.0,0.0,7.8,2.2
2011-03-15,0.0,0.0,7.2,-0.6
2011-03-16,17.8,0.0,14.4,4.4
2011-03-17,0.0,0.0,16.7,7.2
2011-03-18,0.0,0.0,26.1,7.2
2011-03-19,0.0,0.0,16.1,3.9
2011-03-20,0.0,0.0,8.3,1.1
2011-03-21,8.4,0.0,8.3,2.8
2011-03-22,0.0,0.0,11.7,5.0
2011-03-23,18.0,23.0,6.1,0.6
2011-03-24,1.8,10.0,7.2,0.0
2011-03-25,0.0,0.0,6.1,-1.7
2011-03-26,0.0,0.0,5.0,-2.8
2011-03-27,0.0,0.0,7.8,-1.7
2011-03-28,0.0,0.0,8.3,-2.8
2011-03-29,0.0,0.0,10.6,0.0
2011-03-30,0.0,0.0,9.4,2.2
2011-03-31,4.6,0.0,6.7,2.8
2011-04-01,4.3,0.0,7.2,0.6
2011-04-02,0.0,0.0,13.9,3.3
2011-04-03,0.0,0.0,15.6,6.1
2011-04-04,0.8,0.0,12.8,6.7
2011-04-05,2.0,0.0,11.7,5.6
2011-04-06,1.5,0.0,13.3,2.8
2011-04-07,0.0,0.0,9.4,3.9
2011-04-08,0.0,0.0,10.0,3.9
2011-04-09,0.0,0.0,12.2,3.3
2011-04-10,0.0,0.0,11.7,5.0
2011-04-11,0.0,0.0,16.1,2.8
2011-04-12,17.5,0.0,20.0,7.8
2011-04-13,12.7,0.0,12.8,7.2
2011-04-14,0.0,0.0,20.6,9.4
2011-04-15,0.0,0.0,13.3,5.0
2011-04-16,31.8,0.0,13.9,5.0
2011-04-17,1.3,0.0,16.1,8.9
2011-04-18,0.0,0.0,17.2,8.9
2011-04-19,0.3,0.0,12.8,8.3
2011-04-20,0.0,0.0,16.1,7.8
2011-04-21,0.0,0.0,16.7,5.6
2011-04-22,0.0,0.0,11.1,3.9
2011-04-23,24.1,0.0,11.7,6.7
2011-04-24,10.2,0.0,23.3,10.6
2011-04-25,0.0,0.0,21.7,11.7
2011-04-26,0.0,0.0,20.6,11.7
2011-04-27,0.0,0.0,17.8,12.2
2011-04-28,2.8,0.0,17.8,12.8
2011-04-29,0.0,0.0,21.7,11.1
2011-04-30,0.0,0.0,18.9,10.0
2011-05-01,0.0,0.0,17.8,9.4
2011-05-02,0.0,0.0,15.0,9.4
2011-05-03,0.0,0.0,18.9,11.7
2011-05-04,14.7,0.0,17.8,8.9
2011-05-05,0.0,0.0,18.9,8.3
2011-05-06,0.0,0.0,19.4,8.3
2011-05-07,0.0,0.0,21.1,9.4
2011-05-08,0.0,0.0,23.3,11.1
2011-05-09,0.0,0.0,21.7,12.2
2011-05-10,0.0,0.0,23.3,11.7
2011-05-11,0.0,0.0,21.7,11.1
2011-05-12,0.0,0.0,20.0,10.6
2011-05-13,0.0,0.0,17.2,10.0
2011-05-14,0.0,0.0,17.8,12.8
2011-05-15,1.5,0.0,19.4,15.0
2011-05-16,0.5,0.0,16.7,13.9
2011-05-17,25.7,0.0,18.3,11.7
2011-05-18,22.6,0.0,22.2,15.6
2011-05-19,0.0,0.0,22.8,15.0
2011-05-20,1.0,0.0,18.3,13.3
2011-05-21,0.8,0.0,22.2,12.2
2011-05-22,0.0,0.0,13.9,12.2
2011-05-23,2.5,0.0,17.2,12.8
2011-05-24,0.0,0.0,27.8,16.1
2011-05-25,0.0,0.0,26.1,17.2
2011-05-26,0.0,0.0,22.2,16.1
2011-05-27,0.0,0.0,25.6,16.7
2011-05-28,0.0,0.0,25.0,17.8
2011-05-29,0.0,0.0,25.0,18.3
2011-05-30,10.9,0.0,30.0,18.9
2011-05-31,0.0,0.0,30.6,19.4
2011-06-01,0.0,0.0,29.4,19.4
2011-06-02,0.0,0.0,27.8,17.2
2011-06-03,0.0,0.0,25.6,14.4
2011-06-04,0.0,0.0,25.6,13.3
2011-06-05,0.0,0.0,19.4,13.3
2011-06-06,0.0,0.0,27.2,15.0
2011-06-07,0.0,0.0,31.7,17.2
2011-06-08,0.0,0.0,31.7,20.0
2011-06-09,11.2,0.0,33.9,20.0
2011-06-10,0.0,0.0,28.9,20.0
2011-06-11,7.6,0.0,20.6,16.1
2011-06-12,6.4,0.0,21.7,14.4
2011-06-13,1.3,0.0,24.4,16.1
2011-06-14,1.5,0.0,21.1,15.0
2011-06-15,0.0,0.0,28.9,13.3
2011-06-16,0.0,0.0,28.9,16.7
2011-06-17,23.6,0.0,26.1,18.3
2011-06-18,0.0,0.0,28.9,17.8
2011-06-19,0.0,0.0,28.3,19.4
2011-06-20,0.0,0.0,25.0,18.3
2011-06-21,0.0,0.0,26.7,20.0
2011-06-22,0.3,0.0,26.1,20.0
2011-06-23,0.3,0.0,22.8,19.4
2011-06-24,0.0,0.0,21.7,18.3
2011-06-25,0.0,0.0,26.1,18.9
2011-06-26,0.0,0.0,28.3,20.0
2011-06-27,0.0,0.0,27.8,18.9
2011-06-28,0.0,0.0,28.3,22.2
2011-06-29,1.0,0.0,30.6,22.2
2011-06-30,0.0,0.0,29.4,19.4
2011-07-01,0.0,0.0,29.4,17.2
2011-07-02,0.0,0.0,30.0,19.4
2011-07-03,5.8,0.0,25.6,21.1
2011-07-04,0.0,0.0,30.0,20.6
2011-07-05,0.0,0.0,32.8,21.1
2011-07-06,0.0,0.0,30.0,21.7
2011-07-07,2.3,0.0,33.3,22.8
2011-07-08,14.7,0.0,27.8,21.1
2011-07-09,0.0,0.0,32.8,21.1
2011-07-10,0.0,0.0,27.8,20.0
2011-07-11,0.0,0.0,31.1,22.2
2011-07-12,0.0,0.0,36.7,25.0
2011-07-13,1.5,0.0,31.7,21.1
2011-07-14,0.0,0.0,29.4,18.9
2011-07-15,0.0,0.0,30.0,20.0
2011-07-16,0.0,0.0,31.7,20.6
2011-07-17,0.0,0.0,30.6,21.1
2011-07-18,0.0,0.0,34.4,22.2
2011-07-19,0.0,0.0,33.9,23.9
2011-07-20,0.0,0.0,29.4,22.8
2011-07-21,0.0,0.0,31.1,22.8
2011-07-22,0.0,0.0,39.4,24.4
2011-07-23,0.0,0.0,38.9,26.1
2011-07-24,5.3,0.0,33.9,24.4
2011-07-25,2.3,0.0,27.2,21.1
2011-07-26,4.3,0.0,31.1,21.1
2011-07-27,0.0,0.0,30.6,20.6
2011-07-28,0.0,0.0,30.0,20.6
2011-07-29,32.5,0.0,28.3,21.7
2011-07-30,0.0,0.0,33.9,23.9
2011-07-31,0.0,0.0,31.7,21.7
2011-08-01,0.3,0.0,31.1,22.2
2011-08-02,0.0,0.0,33.3,23.3
2011-08-03,15.2,0.0,28.9,20.0
2011-08-04,0.0,0.0,27.2,20.6
2011-08-05,0.0,0.0,27.8,20.6
2011-08-06,0.0,0.0,27.8,22.2
2011-08-07,4.3,0.0,30.6,23.3
2011-08-08,0.0,0.0,33.3,23.3
2011-08-09,11.2,0.0,28.3,22.8
2011-08-10,0.0,0.0,31.1,21.7
2011-08-11,0.0,0.0,28.9,21.1
2011-08-12,0.0,0.0,29.4,18.3
2011-08-13,0.0,0.0,28.9,19.4
2011-08-14,198.1,0.0,23.9,20.0
2011-08-15,0.0,0.0,26.7,21.1
2011-08-16,0.3,0.0,26.7,18.9
2011-08-17,0.0,0.0,28.3,19.4
2011-08-18,11.4,0.0,26.7,20.6
2011-08-19,10.2,0.0,27.8,19.4
2011-08-20,0.0,0.0,27.8,18.9
2011-08-21,52.3,0.0,28.3,21.7
2011-08-22,0.0,0.0,27.2,20.0
2011-08-23,0.0,0.0,26.7,16.7
2011-08-24,0.0,0.0,26.1,17.8
2011-08-25,6.9,0.0,26.7,21.7
2011-08-26,0.0,0.0,28.3,21.1
2011-08-27,68.3,0.0,25.6,23.3
2011-08-28,59.4,0.0,24.4,18.3
2011-08-29,0.0,0.0,25.6,16.1
2011-08-30,0.0,0.0,27.8,16.7
2011-08-31,0.0,0.0,27.8,17.8
2011-09-01,0.0,0.0,26.7,19.4
2011-09-02,0.0,0.0,23.9,16.7
2011-09-03,0.0,0.0,25.6,18.3
2011-09-04,0.0,0.0,26.7,21.1
2011-09-05,0.0,0.0,26.1,21.7
2011-09-06,30.5,0.0,22.8,16.7
2011-09-07,20.8,0.0,22.2,17.2
2011-09-08,9.7,0.0,27.2,17.8
2011-09-09,0.0,0.0,30.0,19.4
2011-09-10,0.0,0.0,27.2,20.0
2011-09-11,0.0,0.0,21.1,17.2
2011-09-12,0.0,0.0,25.6,18.9
2011-09-13,0.0,0.0,26.7,18.9
2011-09-14,0.0,0.0,27.8,20.0
2011-09-15,0.3,0.0,26.7,12.2
2011-09-16,0.0,0.0,20.0,10.0
2011-09-17,0.0,0.0,18.9,11.7
2011-09-18,0.0,0.0,20.6,11.7
2011-09-19,0.0,0.0,19.4,11.1
2011-09-20,0.8,0.0,20.0,16.7
2011-09-21,0.0,0.0,22.8,16.7
2011-09-22,0.3,0.0,26.1,20.6
2011-09-23,27.2,0.0,21.7,20.6
2011-09-24,0.0,0.0,24.4,20.6
2011-09-25,0.0,0.0,28.3,20.6
2011-09-26,0.0,0.0,25.6,19.4
2011-09-27,0.0,0.0,25.0,20.0
2011-09-28,1.3,0.0,23.9,20.6
2011-09-29,10.4,0.0,23.9,17.2
2011-09-30,5.8,0.0,24.4,15.0
2011-10-01,5.1,0.0,21.1,11.1
2011-10-02,0.0,0.0,18.3,10.6
2011-10-03,1.0,0.0,14.4,8.9
2011-10-04,0.0,0.0,18.3,9.4
2011-10-05,0.0,0.0,23.3,11.1
2011-10-06,0.0,0.0,20.6,8.3
2011-10-07,0.0,0.0,18.9,8.9
2011-10-08,0.0,0.0,24.4,12.2
2011-10-09,0.0,0.0,30.6,13.9
2011-10-10,0.0,0.0,28.9,15.6
2011-10-11,0.0,0.0,24.4,16.7
2011-10-12,0.3,0.0,17.8,15.6
2011-10-13,1.3,0.0,20.0,16.1
2011-10-14,8.1,0.0,21.7,15.0
2011-10-15,0.0,0.0,20.6,13.3
2011-10-16,0.0,0.0,20.0,13.3
2011-10-17,0.0,0.0,20.0,13.9
2011-10-18,0.0,0.0,20.6,12.2
2011-10-19,31.8,0.0,20.6,15.0
2011-10-20,0.3,0.0,20.6,12.8
2011-10-21,0.0,0.0,15.0,10.6
2011-10-22,0.0,0.0,16.7,8.9
2011-10-23,0.0,0.0,15.6,10.6
2011-10-24,0.0,0.0,16.7,8.3
2011-10-25,0.0,0.0,17.8,10.6
2011-10-26,0.0,0.0,16.7,8.3
2011-10-27,17.5,0.0,14.4,3.3
2011-10-28,0.0,0.0,10.6,2.8
2011-10-29,46.2,38.0,7.2,0.6
2011-10-30,0.3,0.0,8.9,1.1
2011-10-31,0.0,0.0,12.2,0.0
2011-11-01,0.0,0.0,13.3,5.6
2011-11-02,0.0,0.0,13.3,3.3
2011-11-03,0.0,0.0,15.0,6.7
2011-11-04,0.0,0.0,12.2,5.0
2011-11-05,0.0,0.0,10.6,1.7
2011-11-06,0.0,0.0,12.8,0.6
2011-11-07,0.0,0.0,15.6,5.6
2011-11-08,0.0,0.0,20.6,8.3
2011-11-09,0.0,0.0,17.2,6.1
2011-11-10,0.0,0.0,19.4,10.0
2011-11-11,0.0,0.0,10.6,5.6
2011-11-12,0.0,0.0,14.4,4.4
2011-11-13,0.0,0.0,15.6,6.1
2011-11-14,0.0,0.0,18.3,10.6
2011-11-15,0.3,0.0,18.3,12.2
2011-11-16,15.5,0.0,13.9,12.2
2011-11-17,1.0,0.0,12.8,4.4
2011-11-18,0.0,0.0,8.3,2.2
2011-11-19,0.0,0.0,11.1,3.3
2011-11-20,0.0,0.0,17.2,8.9
2011-11-21,4.6,0.0,13.3,8.3
2011-11-22,38.1,0.0,10.6,8.3
2011-11-23,18.8,0.0,15.0,4.4
2011-11-24,0.0,0.0,11.7,2.8
2011-11-25,0.0,0.0,16.7,5.0
2011-11-26,0.0,0.0,17.8,6.1
2011-11-27,0.0,0.0,15.6,2.8
2011-11-28,0.0,0.0,18.3,11.1
2011-11-29,4.1,0.0,17.2,11.1
2011-11-30,0.0,0.0,11.7,6.7
2011-12-01,0.0,0.0,10.6,3.3
2011-12-02,0.0,0.0,11.7,1.1
2011-12-03,0.0,0.0,8.9,1.1
2011-12-04,0.0,0.0,12.2,1.7
2011-12-05,0.0,0.0,12.2,7.8
2011-12-06,4.8,0.0,13.9,11.7
2011-12-07,25.1,0.0,13.9,6.1
2011-12-08,4.8,0.0,7.8,2.2
2011-12-09,0.0,0.0,11.1,0.6
2011-12-10,0.0,0.0,9.4,0.0
2011-12-11,0.0,0.0,4.4,-2.2
2011-12-12,0.0,0.0,6.7,-1.1
2011-12-13,0.0,0.0,8.9,-1.7
2011-12-14,0.0,0.0,11.1,1.1
2011-12-15,0.0,0.0,13.9,8.3
2011-12-16,0.0,0.0,14.4,5.0
2011-12-17,0.0,0.0,7.2,-1.1
2011-12-18,0.0,0.0,-0.6,-5.0
2011-12-19,0.0,0.0,8.9,-6.1
2011-12-20,0.5,0.0,8.9,4.4
2011-12-21,3.0,0.0,15.0,4.4
2011-12-22,1.5,0.0,15.6,8.9
2011-12-23,21.8,0.0,10.6,2.2
2011-12-24,0.0,0.0,2.8,-2.8
2011-12-25,0.0,0.0,8.9,-3.3
2011-12-26,0.0,0.0,8.9,0.6
2011-12-27,17.8,0.0,13.9,0.0
2011-12-28,0.0,0.0,10.0,0.0
2011-12-29,0.0,0.0,3.3,-3.9
2011-12-30,0.0,0.0,10.0,2.2
2011-12-31,0.0,0.0,13.3,7.8
2012-01-01,1.8,0.0,10.0,3.3
2012-01-02,0.0,0.0,10.0,0.6
2012-01-03,0.0,0.0,0.6,-8.9
2012-01-04,0.0,0.0,-1.7,-10.6
2012-01-05,0.0,0.0,5.6,-3.3
2012-01-06,0.0,0.0,12.2,0.0
2012-01-07,0.0,0.0,16.1,2.2
2012-01-08,0.0,0.0,8.9,0.6
2012-01-09,0.0,0.0,3.9,-1.7
2012-01-10,0.0,0.0,8.9,-1.1
2012-01-11,3.0,0.0,8.3,-0.6
2012-01-12,22.9,0.0,9.4,5.6
2012-01-13,0.0,0.0,10.0,-1.7
2012-01-14,0.0,0.0,1.1,-2.8
2012-01-15,0.0,0.0,-2.2,-8.9
2012-01-16,0.0,0.0,3.9,-10.0
2012-01-17,5.8,0.0,10.0,2.8
2012-01-18,0.0,0.0,11.7,-4.4
2012-01-19,0.0,0.0,3.3,-7.8
2012-01-20,0.0,0.0,2.8,-2.8
2012-01-21,4.3,41.0,-1.7,-5.0
2012-01-22,0.0,0.0,1.1,-7.8
2012-01-23,5.8,0.0,10.6,0.6
2012-01-24,0.0,0.0,12.2,4.4
2012-01-25,0.0,0.0,7.8,2.8
2012-01-26,4.6,0.0,6.7,1.1
2012-01-27,7.4,0.0,14.4,6.7
2012-01-28,0.0,0.0,7.8,2.8
2012-01-29,0.0,0.0,6.7,0.6
2012-01-30,0.0,0.0,5.0,1.1
2012-01-31,0.0,0.0,13.9,2.8
2012-02-01,0.8,0.0,17.8,5.6
2012-02-02,0.0,0.0,10.6,2.2
2012-02-03,0.0,0.0,7.2,-1.1
2012-02-04,0.0,0.0,8.3,1.7
2012-02-05,0.0,0.0,5.0,0.6
2012-02-06,0.0,0.0,10.6,-1.7
2012-02-07,0.0,0.0,10.6,1.1
2012-02-08,1.0,8.0,3.9,-0.6
2012-02-09,0.0,0.0,8.3,-0.6
2012-02-10,0.0,0.0,7.2,-1.1
2012-02-11,3.0,8.0,3.3,0.6
2012-02-12,0.0,0.0,1.7,-6.1
2012-02-13,0.0,0.0,6.7,-1.7
2012-02-14,0.8,0.0,7.2,1.7
2012-02-15,0.3,0.0,7.8,2.8
2012-02-16,3.0,0.0,6.7,-0.6
2012-02-17,1.0,0.0,11.7,2.8
2012-02-18,0.3,0.0,7.8,2.2
2012-02-19,0.0,0.0,7.8,0.6
2012-02-20,0.0,0.0,8.9,-0.6
2012-02-21,0.0,0.0,8.3,-3.3
2012-02-22,0.0,0.0,13.9,2.2
2012-02-23,0.0,0.0,16.1,5.6
2012-02-24,9.4,0.0,7.8,3.3
2012-02-25,0.0,0.0,8.3,1.7
2012-02-26,0.0,0.0,7.2,-1.1
2012-02-27,0.0,0.0,10.6,-0.6
2012-02-28,0.0,0.0,10.6,3.3
2012-02-29,12.4,0.0,7.2,1.1
2012-03-01,2.8,0.0,5.6,2.2
2012-03-02,3.8,0.0,6.1,0.6
2012-03-03,3.6,0.0,13.3,6.1
2012-03-04,0.0,0.0,8.3,2.2
2012-03-05,0.0,0.0,7.8,-1.7
2012-03-06,0.0,0.0,5.0,-3.3
2012-03-07,0.0,0.0,11.7,2.8
2012-03-08,0.0,0.0,15.0,7.8
2012-03-09,1.8,0.0,11.7,2.8
2012-03-10,0.0,0.0,6.1,-1.7
2012-03-11,0.0,0.0,13.9,2.2
2012-03-12,0.0,0.0,16.7,4.4
2012-03-13,2.0,0.0,16.1,9.4
2012-03-14,0.0,0.0,22.2,8.3
2012-03-15,0.0,0.0,8.3,6.1
2012-03-16,0.5,0.0,9.4,6.1
2012-03-17,0.0,0.0,15.0,4.4
2012-03-18,0.0,0.0,12.8,7.2
2012-03-19,0.0,0.0,17.8,7.2
2012-03-20,0.0,0.0,20.6,10.6
2012-03-21,0.0,0.0,18.3,11.7
2012-03-22,0.0,0.0,18.9,11.7
2012-03-23,0.0,0.0,25.0,11.7
2012-03-24,3.0,0.0,16.1,8.9
2012-03-25,1.0,0.0,10.6,7.2
2012-03-26,0.0,0.0,13.9,1.7
2012-03-27,0.0,0.0,11.7,-0.6
2012-03-28,0.3,0.0,17.8,5.6
2012-03-29,0.0,0.0,17.2,6.7
2012-03-30,1.0,0.0,12.2,3.9
2012-03-31,8.9,0.0,6.7,3.9
2012-04-01,7.6,0.0,11.1,5.6
2012-04-02,2.5,0.0,14.4,4.4
2012-04-03,0.0,0.0,18.9,4.4
2012-04-04,0.0,0.0,21.1,8.3
2012-04-05,0.0,0.0,15.0,5.6
2012-04-06,0.0,0.0,15.0,2.8
2012-04-07,0.0,0.0,16.7,4.4
2012-04-08,0.0,0.0,20.0,7.8
2012-04-09,0.0,0.0,18.3,10.0
2012-04-10,0.0,0.0,16.7,6.1
2012-04-11,0.0,0.0,12.2,6.1
2012-04-12,0.0,0.0,16.7,6.7
2012-04-13,0.0,0.0,16.7,6.7
2012-04-14,0.0,0.0,18.9,7.2
2012-04-15,0.0,0.0,24.4,12.8
2012-04-16,0.0,0.0,25.0,12.2
2012-04-17,0.0,0.0,27.2,13.9
2012-04-18,0.0,0.0,17.2,10.0
2012-04-19,0.0,0.0,17.2,9.4
2012-04-20,0.0,0.0,18.9,9.4
2012-04-21,2.5,0.0,18.9,12.2
2012-04-22,54.4,0.0,13.9,9.4
2012-04-23,6.9,0.0,14.4,6.1
2012-04-24,0.0,0.0,17.2,5.6
2012-04-25,0.0,0.0,15.0,4.4
2012-04-26,1.5,0.0,15.6,5.0
2012-04-27,0.0,0.0,13.9,5.6
2012-04-28,0.0,0.0,14.4,4.4
2012-04-29,0.0,0.0,18.3,6.7
2012-04-30,0.0,0.0,13.9,6.1
2012-05-01,23.9,0.0,21.1,11.1
2012-05-02,0.8,0.0,12.2,10.6
2012-05-03,16.5,0.0,13.9,10.6
2012-05-04,7.1,0.0,20.6,11.7
2012-05-05,1.8,0.0,15.0,12.8
2012-05-06,0.0,0.0,16.7,10.0
2012-05-07,0.0,0.0,15.6,10.0
2012-05-08,2.3,0.0,17.8,12.8
2012-05-09,35.6,0.0,17.2,14.4
2012-05-10,5.6,0.0,19.4,10.6
2012-05-11,0.0,0.0,21.7,10.0
2012-05-12,0.0,0.0,23.9,10.0
2012-05-13,0.0,0.0,23.9,14.4
2012-05-14,0.0,0.0,21.1,16.1
2012-05-15,14.5,0.0,17.2,15.6
2012-05-16,0.5,0.0,22.2,15.0
2012-05-17,0.0,0.0,22.8,12.8
2012-05-18,0.0,0.0,20.6,10.6
2012-05-19,0.0,0.0,25.6,11.1
2012-05-20,0.0,0.0,25.6,12.8
2012-05-21,44.7,0.0,17.8,15.6
2012-05-22,4.1,0.0,20.6,16.1
2012-05-23,0.0,0.0,23.3,15.0
2012-05-24,11.7,0.0,20.0,16.7
2012-05-25,2.3,0.0,23.3,17.2
2012-05-26,4.8,0.0,27.2,17.2
2012-05-27,3.6,0.0,25.6,18.3
2012-05-28,0.0,0.0,29.4,20.0
2012-05-29,0.3,0.0,28.9,21.7
2012-05-30,0.0,0.0,25.0,18.9
2012-05-31,0.0,0.0,27.8,18.3
2012-06-01,11.4,0.0,22.2,16.7
2012-06-02,20.6,0.0,24.4,16.7
2012-06-03,0.0,0.0,25.6,14.4
2012-06-04,5.6,0.0,18.3,12.2
2012-06-05,0.0,0.0,19.4,10.6
2012-06-06,1.0,0.0,21.7,11.7
2012-06-07,0.0,0.0,24.4,15.0
2012-06-08,0.0,0.0,25.6,15.0
2012-06-09,0.0,0.0,26.7,17.2
2012-06-10,2.0,0.0,26.7,18.3
2012-06-11,0.0,0.0,23.9,17.8
2012-06-12,27.4,0.0,22.8,17.8
2012-06-13,34.8,0.0,20.6,18.3
2012-06-14,0.0,0.0,22.8,16.7
2012-06-15,0.0,0.0,26.7,15.0
2012-06-16,0.0,0.0,26.1,15.0
2012-06-17,0.0,0.0,21.1,13.9
2012-06-18,0.0,0.0,20.0,12.8
2012-06-19,0.0,0.0,23.3,16.7
2012-06-20,0.0,0.0,34.4,20.6
2012-06-21,0.0,0.0,36.1,26.1
2012-06-22,4.8,0.0,34.4,22.2
2012-06-23,16.5,0.0,30.6,20.6
2012-06-24,0.8,0.0,27.8,18.3
2012-06-25,48.3,0.0,23.9,16.7
2012-06-26,0.0,0.0,24.4,13.9
2012-06-27,0.0,0.0,28.9,18.3
2012-06-28,0.0,0.0,30.0,20.0
2012-06-29,1.5,0.0,33.3,21.7
2012-06-30,0.0,0.0,33.9,23.9
2012-07-01,0.0,0.0,32.8,21.1
2012-07-02,0.0,0.0,31.7,22.2
2012-07-03,0.0,0.0,31.1,21.1
2012-07-04,1.0,0.0,31.7,22.2
2012-07-05,0.0,0.0,35.0,25.0
2012-07-06,0.0,0.0,30.0,22.2
2012-07-07,1.8,0.0,37.2,23.9
2012-07-08,0.0,0.0,31.7,23.9
2012-07-09,0.0,0.0,28.9,21.7
2012-07-10,0.0,0.0,28.3,21.1
2012-07-11,0.0,0.0,28.3,21.1
2012-07-12,0.0,0.0,28.9,20.0
2012-07-13,0.0,0.0,29.4,21.7
2012-07-14,0.0,0.0,30.6,23.9
2012-07-15,4.1,0.0,30.6,22.8
2012-07-16,0.0,0.0,33.9,22.2
2012-07-17,0.0,0.0,32.8,24.4
2012-07-18,5.3,0.0,35.6,23.3
2012-07-19,0.0,0.0,25.0,22.2
2012-07-20,11.4,0.0,22.2,16.7
2012-07-21,0.0,0.0,24.4,16.7
2012-07-22,0.0,0.0,26.7,18.3
2012-07-23,1.3,0.0,28.9,20.6
2012-07-24,0.0,0.0,35.0,23.3
2012-07-25,0.0,0.0,30.6,19.4
2012-07-26,12.4,0.0,31.1,22.2
2012-07-27,0.0,0.0,32.2,22.8
2012-07-28,1.8,0.0,27.2,20.6
2012-07-29,0.0,0.0,26.1,20.6
2012-07-30,0.0,0.0,26.1,19.4
2012-07-31,0.0,0.0,26.1,21.1
2012-08-01,1.8,0.0,27.8,22.2
2012-08-02,0.0,0.0,30.0,21.7
2012-08-03,0.0,0.0,30.6,23.3
2012-08-04,0.0,0.0,31.1,23.3
2012-08-05,4.6,0.0,30.6,22.8
2012-08-06,5.8,0.0,32.2,22.8
2012-08-07,0.0,0.0,27.2,20.0
2012-08-08,0.0,0.0,30.0,21.7
2012-08-09,0.0,0.0,30.0,22.8
2012-08-10,53.8,0.0,27.8,21.1
2012-08-11,0.0,0.0,29.4,23.9
2012-08-12,0.0,0.0,29.4,23.3
2012-08-13,0.0,0.0,30.6,21.7
2012-08-14,0.0,0.0,27.2,21.1
2012-08-15,11.2,0.0,28.3,20.6
2012-08-16,0.0,0.0,31.1,20.6
2012-08-17,0.0,0.0,29.4,20.6
2012-08-18,9.4,0.0,27.2,17.8
2012-08-19,0.0,0.0,25.0,17.2
2012-08-20,0.0,0.0,25.0,18.9
2012-08-21,0.0,0.0,27.2,20.6
2012-08-22,0.0,0.0,27.8,19.4
2012-08-23,0.0,0.0,27.8,20.0
2012-08-24,0.0,0.0,29.4,20.0
2012-08-25,0.0,0.0,28.9,21.1
2012-08-26,0.0,0.0,27.2,19.4
2012-08-27,13.2,0.0,27.8,20.6
2012-08-28,2.5,0.0,31.7,23.3
2012-08-29,0.0,0.0,26.1,19.4
2012-08-30,0.0,0.0,28.9,16.7
2012-08-31,0.0,0.0,32.2,18.3
2012-09-01,0.0,0.0,33.3,22.8
2012-09-02,0.0,0.0,27.2,21.7
2012-09-03,15.0,0.0,24.4,21.1
2012-09-04,15.7,0.0,26.7,21.7
2012-09-05,4.1,0.0,28.9,22.2
2012-09-06,0.0,0.0,26.7,20.6
2012-09-07,0.0,0.0,28.3,21.1
2012-09-08,7.6,0.0,28.3,18.9
2012-09-09,0.0,0.0,24.4,18.3
2012-09-10,0.0,0.0,23.9,15.0
2012-09-11,0.0,0.0,24.4,12.2
2012-09-12,0.0,0.0,25.0,15.6
2012-09-13,0.0,0.0,24.4,16.7
2012-09-14,0.0,0.0,25.0,17.2
2012-09-15,0.0,0.0,23.9,16.1
2012-09-16,0.0,0.0,23.9,14.4
2012-09-17,0.0,0.0,24.4,13.3
2012-09-18,40.1,0.0,25.6,20.0
2012-09-19,0.3,0.0,22.2,13.9
2012-09-20,0.0,0.0,21.7,12.2
2012-09-21,0.0,0.0,22.2,13.9
2012-09-22,7.4,0.0,24.4,13.3
2012-09-23,0.0,0.0,21.1,13.3
2012-09-24,0.0,0.0,20.6,11.1
2012-09-25,0.0,0.0,22.8,13.3
2012-09-26,0.8,0.0,23.9,18.3
2012-09-27,0.0,0.0,25.0,18.9
2012-09-28,11.2,0.0,23.3,16.7
2012-09-29,0.8,0.0,18.9,15.0
2012-09-30,0.0,0.0,21.1,13.9
2012-10-01,0.0,0.0,22.2,12.2
2012-10-02,8.4,0.0,21.7,17.2
2012-10-03,0.0,0.0,23.3,18.3
2012-10-04,10.4,0.0,23.9,19.4
2012-10-05,0.0,0.0,25.0,16.1
2012-10-06,0.0,0.0,24.4,12.2
2012-10-07,4.1,0.0,13.3,8.3
2012-10-08,0.0,0.0,13.3,7.2
2012-10-09,0.8,0.0,15.0,11.1
2012-10-10,5.6,0.0,20.0,12.2
2012-10-11,0.0,0.0,15.6,8.9
2012-10-12,0.0,0.0,15.6,6.1
2012-10-13,0.0,0.0,12.8,2.8
2012-10-14,0.0,0.0,22.2,12.8
2012-10-15,4.6,0.0,20.6,16.1
2012-10-16,0.0,0.0,16.1,8.9
2012-10-17,0.0,0.0,15.6,5.6
2012-10-18,0.5,0.0,18.9,7.2
2012-10-19,7.1,0.0,19.4,16.7
2012-10-20,0.0,0.0,21.1,12.8
2012-10-21,0.0,0.0,20.0,10.6
2012-10-22,0.0,0.0,20.6,10.6
2012-10-23,0.8,0.0,18.9,11.1
2012-10-24,0.0,0.0,16.7,13.9
2012-10-25,0.0,0.0,16.7,12.2
2012-10-26,0.0,0.0,21.7,13.9
2012-10-27,0.0,0.0,19.4,15.0
2012-10-28,0.0,0.0,15.6,11.7
2012-10-29,13.0,0.0,18.9,11.1
2012-10-30,1.0,0.0,15.0,8.9
2012-10-31,0.3,0.0,11.1,7.8
2012-11-01,0.0,0.0,11.1,7.2
2012-11-02,0.0,0.0,12.2,6.1
2012-11-03,0.0,0.0,11.1,5.0
2012-11-04,0.0,0.0,11.7,3.9
2012-11-05,0.0,0.0,8.3,2.2
2012-11-06,0.0,0.0,7.2,-0.6
2012-11-07,24.6,102.0,5.0,0.0
2012-11-08,1.0,8.0,7.2,0.0
2012-11-09,0.0,0.0,11.7,1.7
2012-11-10,0.0,0.0,12.2,5.6
2012-11-11,0.0,0.0,15.6,5.0
2012-11-12,0.0,0.0,17.2,7.8
2012-11-13,2.0,0.0,14.4,4.4
2012-11-14,0.0,0.0,9.4,2.8
2012-11-15,0.0,0.0,7.2,2.2
2012-11-16,0.0,0.0,8.9,2.2
2012-11-17,0.0,0.0,11.7,2.2
2012-11-18,0.0,0.0,10.6,2.8
2012-11-19,0.0,0.0,8.9,3.3
2012-11-20,0.0,0.0,11.7,2.8
2012-11-21,0.0,0.0,12.2,3.3
2012-11-22,0.0,0.0,12.8,3.3
2012-11-23,0.8,0.0,11.7,1.1
2012-11-24,0.3,0.0,9.4,2.2
2012-11-25,0.0,0.0,6.1,1.1
2012-11-26,0.0,0.0,9.4,1.7
2012-11-27,10.9,0.0,5.6,2.2
2012-11-28,0.0,0.0,6.7,1.1
2012-11-29,0.0,0.0,6.7,1.1
2012-11-30,0.0,0.0,8.3,0.6
2012-12-01,0.0,0.0,7.2,3.9
2012-12-02,1.0,0.0,10.0,5.0
2012-12-03,0.0,0.0,16.7,6.1
2012-12-04,0.5,0.0,14.4,6.1
2012-12-05,0.0,0.0,13.3,1.7
2012-12-06,0.0,0.0,5.0,-1.1
2012-12-07,3.3,0.0,8.3,-1.7
2012-12-08,8.6,0.0,10.0,7.8
2012-12-09,8.1,0.0,8.9,5.6
2012-12-10,6.4,0.0,13.3,7.8
2012-12-11,1.3,0.0,12.8,5.0
2012-12-12,0.0,0.0,7.2,1.7
2012-12-13,0.0,0.0,8.3,0.6
2012-12-14,0.0,0.0,9.4,0.0
2012-12-15,0.0,0.0,9.4,1.1
2012-12-16,3.3,0.0,9.4,5.0
2012-12-17,7.1,0.0,8.3,5.6
2012-12-18,20.8,0.0,13.3,7.2
2012-12-19,0.0,0.0,9.4,3.9
2012-12-20,0.0,0.0,9.4,0.0
2012-12-21,18.0,0.0,13.3,2.8
2012-12-22,0.0,0.0,4.4,2.2
2012-12-23,0.0,0.0,6.7,1.7
2012-12-24,2.3,0.0,5.0,0.0
2012-12-25,0.5,0.0,6.7,-0.6
2012-12-26,18.0,0.0,6.1,-2.2
2012-12-27,19.6,0.0,7.8,-0.6
2012-12-28,0.0,0.0,4.4,-1.1
2012-12-29,6.6,10.0,2.8,-2.2
2012-12-30,0.0,0.0,2.8,-1.7
2012-12-31,0.0,0.0,3.9,-2.2
2013-01-01,0.0,0.0,5.0,-2.8
2013-01-02,0.0,0.0,1.7,-5.0
2013-01-03,0.0,0.0,0.6,-3.9
2013-01-04,0.0,0.0,3.9,-1.1
2013-01-05,0.0,0.0,7.2,0.0
2013-01-06,0.0,0.0,7.2,0.6
2013-01-07,0.0,0.0,8.3,-1.1
2013-01-08,0.0,0.0,9.4,-1.1
2013-01-09,0.0,0.0,8.9,0.6
2013-01-10,0.0,0.0,10.0,2.8
2013-01-11,14.7,0.0,8.3,0.6
2013-01-12,1.5,0.0,9.4,6.1
2013-01-13,0.3,0.0,8.3,5.6
2013-01-14,0.8,0.0,14.4,3.9
2013-01-15,2.8,0.0,3.9,1.7
2013-01-16,20.8,3.0,3.3,0.6
2013-01-17,0.0,0.0,7.8,2.2
2013-01-18,0.0,0.0,2.2,-3.9
2013-01-19,0.0,0.0,11.1,-0.6
2013-01-20,0.0,0.0,13.3,-0.6
2013-01-21,0.8,3.0,0.6,-3.3
2013-01-22,0.0,0.0,-2.2,-10.0
2013-01-23,0.0,0.0,-6.1,-11.1
2013-01-24,0.0,0.0,-3.3,-10.6
2013-01-25,1.3,20.0,-4.4,-10.0
2013-01-26,0.0,0.0,-2.8,-10.0
2013-01-27,0.0,0.0,1.7,-7.8
2013-01-28,4.8,3.0,1.7,-4.4
2013-01-29,0.8,0.0,8.9,1.1
2013-01-30,0.8,0.0,11.1,5.0
2013-01-31,11.4,0.0,13.3,-1.1
2013-02-01,0.0,0.0,0.6,-4.4
2013-02-02,0.5,8.0,-0.6,-6.7
2013-02-03,0.8,13.0,0.0,-5.6
2013-02-04,0.0,0.0,0.0,-4.4
2013-02-05,0.3,5.0,0.0,-2.2
2013-02-06,0.0,0.0,5.0,-1.7
2013-02-07,0.0,0.0,0.6,-5.0
2013-02-08,19.8,74.0,2.2,-2.8
2013-02-09,4.6,89.0,0.0,-6.1
2013-02-10,0.0,0.0,1.1,-8.3
2013-02-11,11.7,0.0,7.2,1.1
2013-02-12,0.0,0.0,8.3,2.8
2013-02-13,0.3,0.0,6.1,-2.2
2013-02-14,0.0,0.0,7.2,0.0
2013-02-15,0.0,0.0,9.4,0.0
2013-02-16,0.0,0.0,7.2,-0.6
2013-02-17,0.0,0.0,1.1,-7.8
2013-02-18,0.0,0.0,2.2,-7.8
2013-02-19,3.3,0.0,7.2,-0.6
2013-02-20,0.0,0.0,3.9,-3.3
2013-02-21,0.0,0.0,2.8,-4.4
2013-02-22,0.0,0.0,3.3,-3.3
2013-02-23,9.7,0.0,6.7,2.2
2013-02-24,0.8,0.0,9.4,1.1
2013-02-25,0.0,0.0,7.8,-0.6
2013-02-26,2.5,0.0,6.7,-0.6
2013-02-27,15.2,0.0,9.4,3.3
2013-02-28,0.0,0.0,10.6,4.4
2013-03-01,0.0,0.0,8.3,2.2
2013-03-02,0.0,0.0,5.0,0.0
2013-03-03,0.0,0.0,5.6,-1.7
2013-03-04,0.0,0.0,6.7,-2.8
2013-03-05,0.0,0.0,8.9,-0.6
2013-03-06,0.0,0.0,7.2,1.7
2013-03-07,1.8,0.0,3.9,0.6
2013-03-08,6.9,76.0,4.4,-0.6
2013-03-09,0.0,0.0,12.8,1.1
2013-03-10,0.0,0.0,6.1,-0.6
2013-03-11,0.0,0.0,11.1,3.9
2013-03-12,16.8,0.0,11.7,6.1
2013-03-13,0.0,0.0,11.7,3.3
2013-03-14,0.0,0.0,5.6,-1.1
2013-03-15,0.0,0.0,8.9,-1.1
2013-03-16,0.5,0.0,5.0,0.6
2013-03-17,0.0,0.0,3.9,-1.1
2013-03-18,11.9,36.0,2.2,-3.3
2013-03-19,11.7,0.0,7.2,1.7
2013-03-20,0.0,0.0,8.3,0.0
2013-03-21,0.0,0.0,3.9,-0.6
2013-03-22,0.0,0.0,6.7,-1.7
2013-03-23,0.0,0.0,8.9,0.0
2013-03-24,0.0,0.0,8.3,0.0
2013-03-25,6.4,0.0,4.4,1.1
2013-03-26,0.0,0.0,11.7,2.2
2013-03-27,0.0,0.0,12.2,1.7
2013-03-28,0.0,0.0,11.7,2.8
2013-03-29,0.0,0.0,13.3,5.0
2013-03-30,0.0,0.0,14.4,3.9
2013-03-31,3.0,0.0,11.1,1.7
2013-04-01,0.0,0.0,17.2,2.8
2013-04-02,0.0,0.0,7.2,0.6
2013-04-03,0.0,0.0,8.9,0.6
2013-04-04,0.0,0.0,7.2,0.0
2013-04-05,0.0,0.0,17.8,4.4
2013-04-06,0.0,0.0,9.4,2.2
2013-04-07,0.0,0.0,11.1,2.8
2013-04-08,0.0,0.0,20.0,5.6
2013-04-09,0.0,0.0,28.3,8.3
2013-04-10,15.0,0.0,21.7,11.7
2013-04-11,0.0,0.0,15.6,8.3
2013-04-12,22.1,0.0,8.9,5.0
2013-04-13,0.3,0.0,14.4,3.9
2013-04-14,0.0,0.0,15.0,7.2
2013-04-15,0.0,0.0,11.7,6.1
2013-04-16,0.0,0.0,14.4,7.2
2013-04-17,0.3,0.0,21.1,8.3
2013-04-18,0.0,0.0,13.9,7.2
2013-04-19,1.8,0.0,18.3,10.0
2013-04-20,4.6,0.0,15.0,7.2
2013-04-21,0.0,0.0,12.2,2.8
2013-04-22,0.0,0.0,11.7,2.8
2013-04-23,0.0,0.0,11.1,5.6
2013-04-24,0.0,0.0,14.4,5.6
2013-04-25,0.0,0.0,17.8,7.8
2013-04-26,0.0,0.0,18.3,6.1
2013-04-27,0.0,0.0,18.9,7.8
2013-04-28,0.0,0.0,17.2,7.2
2013-04-29,1.3,0.0,12.8,10.0
2013-04-30,0.0,0.0,17.2,7.8
2013-05-01,0.0,0.0,18.3,6.1
2013-05-02,0.0,0.0,17.2,6.7
2013-05-03,0.0,0.0,16.1,8.3
2013-05-04,0.0,0.0,17.8,7.2
2013-05-05,0.0,0.0,13.9,6.7
2013-05-06,0.0,0.0,16.7,7.2
2013-05-07,0.0,0.0,22.2,8.9
2013-05-08,39.1,0.0,17.8,12.8
2013-05-09,19.1,0.0,21.1,12.8
2013-05-10,0.0,0.0,24.4,12.2
2013-05-11,9.9,0.0,18.3,15.0
2013-05-12,0.5,0.0,21.1,10.6
2013-05-13,0.0,0.0,14.4,7.8
2013-05-14,0.0,0.0,15.6,6.1
2013-05-15,0.8,0.0,16.7,8.9
2013-05-16,0.0,0.0,23.3,13.3
2013-05-17,0.0,0.0,22.8,12.8
2013-05-18,0.3,0.0,17.2,12.2
2013-05-19,11.4,0.0,14.4,12.8
2013-05-20,0.0,0.0,22.2,13.9
2013-05-21,0.0,0.0,25.0,15.6
2013-05-22,0.0,0.0,22.2,14.4
2013-05-23,0.8,0.0,21.7,16.1
2013-05-24,5.1,0.0,20.6,7.8
2013-05-25,1.8,0.0,13.9,7.2
2013-05-26,0.0,0.0,20.0,8.9
2013-05-27,0.0,0.0,21.1,8.9
2013-05-28,13.7,0.0,20.0,11.7
2013-05-29,0.0,0.0,23.9,13.3
2013-05-30,0.0,0.0,30.0,17.2
2013-05-31,0.0,0.0,28.9,18.3
2013-06-01,0.0,0.0,26.1,17.8
2013-06-02,0.3,0.0,23.3,17.2
2013-06-03,9.4,0.0,24.4,16.7
2013-06-04,0.0,0.0,24.4,15.0
2013-06-05,0.0,0.0,21.7,13.9
2013-06-06,0.8,0.0,21.7,14.4
2013-06-07,101.9,0.0,17.8,15.6
2013-06-08,9.7,0.0,24.4,13.9
2013-06-09,0.0,0.0,25.6,17.8
2013-06-10,35.1,0.0,20.6,17.2
2013-06-11,0.5,0.0,27.2,18.3
2013-06-12,0.0,0.0,25.6,16.1
2013-06-13,25.1,0.0,18.9,13.3
2013-06-14,3.8,0.0,22.2,12.2
2013-06-15,0.0,0.0,27.8,16.7
2013-06-16,0.0,0.0,26.7,16.7
2013-06-17,3.3,0.0,27.8,19.4
2013-06-18,5.1,0.0,25.6,18.3
2013-06-19,0.0,0.0,25.0,15.6
2013-06-20,0.0,0.0,23.3,15.0
2013-06-21,0.0,0.0,24.4,15.0
2013-06-22,0.0,0.0,25.0,16.1
2013-06-23,0.8,0.0,26.7,18.3
2013-06-24,0.0,0.0,32.2,21.1
2013-06-25,0.0,0.0,32.8,21.1
2013-06-26,2.5,0.0,29.4,21.7
2013-06-27,3.3,0.0,28.9,21.7
2013-06-28,0.0,0.0,27.8,21.7
2013-06-29,0.0,0.0,26.7,20.6
2013-06-30,0.5,0.0,27.2,20.6
2013-07-01,24.9,0.0,25.6,21.7
2013-07-02,6.4,0.0,26.1,21.7
2013-07-03,2.3,0.0,27.2,21.1
2013-07-04,0.0,0.0,28.9,22.2
2013-07-05,0.0,0.0,30.6,22.8
2013-07-06,0.0,0.0,33.9,23.9
2013-07-07,0.0,0.0,31.1,25.6
2013-07-08,0.0,0.0,30.6,23.3
2013-07-09,0.0,0.0,30.6,22.8
2013-07-10,1.5,0.0,29.4,22.2
2013-07-11,0.0,0.0,31.1,22.8
2013-07-12,6.9,0.0,26.1,21.1
2013-07-13,0.0,0.0,29.4,21.7
2013-07-14,0.0,0.0,31.7,22.8
2013-07-15,0.0,0.0,36.1,25.0
2013-07-16,0.0,0.0,35.6,25.6
2013-07-17,0.0,0.0,35.0,26.1
2013-07-18,0.0,0.0,37.8,25.0
2013-07-19,0.0,0.0,35.0,26.7
2013-07-20,0.5,0.0,35.6,25.0
2013-07-21,0.0,0.0,31.1,23.9
2013-07-22,2.3,0.0,30.0,23.3
2013-07-23,10.2,0.0,30.6,22.8
2013-07-24,0.0,0.0,31.1,21.1
2013-07-25,0.8,0.0,21.1,17.2
2013-07-26,0.0,0.0,28.9,17.8
2013-07-27,0.0,0.0,27.2,20.0
2013-07-28,1.8,0.0,25.6,20.0
2013-07-29,0.0,0.0,28.9,21.7
2013-07-30,0.0,0.0,29.4,19.4
2013-07-31,0.0,0.0,27.8,20.0
2013-08-01,16.5,0.0,25.0,20.0
2013-08-02,0.0,0.0,29.4,20.0
2013-08-03,0.0,0.0,25.6,21.1
2013-08-04,0.0,0.0,28.3,19.4
2013-08-05,0.0,0.0,26.7,17.8
2013-08-06,0.0,0.0,26.7,17.8
2013-08-07,0.0,0.0,26.7,21.1
2013-08-08,18.3,0.0,27.2,21.1
2013-08-09,0.3,0.0,27.8,23.3
2013-08-10,0.0,0.0,29.4,21.7
2013-08-11,0.0,0.0,27.2,18.9
2013-08-12,12.2,0.0,26.7,20.6
2013-08-13,18.8,0.0,24.4,20.6
2013-08-14,0.0,0.0,25.0,16.1
2013-08-15,0.0,0.0,25.0,15.6
2013-08-16,0.0,0.0,26.1,17.2
2013-08-17,0.0,0.0,27.2,16.7
2013-08-18,0.0,0.0,25.6,18.9
2013-08-19,0.0,0.0,25.6,18.3
2013-08-20,0.0,0.0,29.4,20.0
2013-08-21,0.0,0.0,31.1,20.6
2013-08-22,2.0,0.0,26.7,22.2
2013-08-23,0.0,0.0,28.9,20.6
2013-08-24,0.0,0.0,26.1,17.8
2013-08-25,0.0,0.0,27.2,17.2
2013-08-26,0.5,0.0,28.9,20.0
2013-08-27,0.8,0.0,31.1,22.2
2013-08-28,0.0,0.0,29.4,20.6
2013-08-29,0.0,0.0,27.8,21.1
2013-08-30,0.0,0.0,28.3,20.6
2013-08-31,0.0,0.0,28.3,22.2
2013-09-01,0.5,0.0,28.9,22.8
2013-09-02,0.0,0.0,27.8,22.2
2013-09-03,0.3,0.0,29.4,20.6
2013-09-04,0.0,0.0,27.8,18.9
2013-09-05,0.0,0.0,27.8,17.8
2013-09-06,0.0,0.0,22.2,13.3
2013-09-07,0.0,0.0,25.6,14.4
2013-09-08,0.0,0.0,30.6,16.7
2013-09-09,0.0,0.0,22.2,12.2
2013-09-10,0.0,0.0,27.2,21.1
2013-09-11,0.0,0.0,31.1,22.2
2013-09-12,7.4,0.0,27.8,21.1
2013-09-13,2.3,0.0,26.7,15.0
2013-09-14,0.0,0.0,21.1,12.8
2013-09-15,0.0,0.0,22.2,10.6
2013-09-16,0.5,0.0,23.9,13.9
2013-09-17,0.0,0.0,18.9,9.4
2013-09-18,0.0,0.0,21.1,10.0
2013-09-19,0.0,0.0,23.9,12.2
2013-09-20,0.0,0.0,24.4,13.3
2013-09-21,8.4,0.0,23.9,13.9
2013-09-22,29.5,0.0,22.2,12.8
2013-09-23,0.0,0.0,20.0,10.0
2013-09-24,0.0,0.0,23.9,8.9
2013-09-25,0.0,0.0,22.2,10.6
2013-09-26,0.0,0.0,21.1,12.2
2013-09-27,0.0,0.0,20.6,11.1
2013-09-28,0.0,0.0,23.3,13.3
2013-09-29,0.0,0.0,22.2,12.2
2013-09-30,0.0,0.0,22.2,11.1
2013-10-01,0.0,0.0,27.2,14.4
2013-10-02,0.0,0.0,29.4,15.6
2013-10-03,0.0,0.0,25.0,15.6
2013-10-04,0.0,0.0,26.7,16.7
2013-10-05,0.3,0.0,24.4,17.8
2013-10-06,0.0,0.0,20.6,18.3
2013-10-07,6.6,0.0,25.6,16.1
2013-10-08,0.0,0.0,20.0,12.8
2013-10-09,0.0,0.0,18.3,11.7
2013-10-10,0.0,0.0,18.9,13.3
2013-10-11,0.0,0.0,20.6,15.6
2013-10-12,0.0,0.0,23.9,15.0
2013-10-13,0.0,0.0,20.0,10.6
2013-10-14,0.0,0.0,18.9,9.4
2013-10-15,0.0,0.0,21.1,10.0
2013-10-16,0.0,0.0,19.4,12.2
2013-10-17,0.3,0.0,22.2,16.1
2013-10-18,0.0,0.0,21.1,13.3
2013-10-19,0.0,0.0,18.3,10.0
2013-10-20,0.0,0.0,17.8,10.0
2013-10-21,0.0,0.0,18.9,9.4
2013-10-22,0.0,0.0,20.0,10.6
2013-10-23,0.0,0.0,12.8,7.2
2013-10-24,0.0,0.0,13.3,5.0
2013-10-25,0.0,0.0,13.3,3.9
2013-10-26,0.0,0.0,13.3,4.4
2013-10-27,0.0,0.0,14.4,8.3
2013-10-28,0.0,0.0,15.6,4.4
2013-10-29,0.0,0.0,13.9,6.7
2013-10-30,0.0,0.0,16.1,6.7
2013-10-31,1.3,0.0,19.4,11.7
2013-11-01,1.8,0.0,20.6,14.4
2013-11-02,0.0,0.0,19.4,11.7
2013-11-03,0.0,0.0,13.3,3.3
2013-11-04,0.0,0.0,8.9,1.1
2013-11-05,0.0,0.0,13.3,3.3
2013-11-06,0.0,0.0,16.1,6.1
2013-11-07,3.3,0.0,17.8,6.7
2013-11-08,0.0,0.0,11.1,5.0
2013-11-09,0.0,0.0,10.0,3.9
2013-11-10,0.0,0.0,16.7,6.7
2013-11-11,0.0,0.0,12.2,6.1
2013-11-12,1.3,5.0,11.1,0.0
2013-11-13,0.0,0.0,5.0,-1.6
2013-11-14,0.0,0.0,11.7,1.1
2013-11-15,0.0,0.0,11.7,2.2
2013-11-16,2.0,0.0,13.3,6.1
2013-11-17,0.3,0.0,16.7,7.8
2013-11-18,4.1,0.0,19.4,11.1
2013-11-19,0.0,0.0,11.1,2.2
2013-11-20,0.0,0.0,7.8,-0.5
2013-11-21,0.0,0.0,11.1,-0.5
2013-11-22,1.8,0.0,13.9,9.4
2013-11-23,0.0,0.0,12.8,0.0
2013-11-24,0.0,0.0,0.0,-4.3
2013-11-25,0.0,0.0,2.2,-4.9
2013-11-26,14.2,0.0,11.7,1.1
2013-11-27,35.8,0.0,16.1,2.2
2013-11-28,0.0,0.0,2.8,-1.0
2013-11-29,0.0,0.0,5.0,-1.0
2013-11-30,0.0,0.0,6.7,-3.8
2013-12-01,0.0,0.0,9.4,2.8
2013-12-02,0.0,0.0,10.6,3.3
2013-12-03,0.0,0.0,12.2,3.3
2013-12-04,0.0,0.0,10.6,1.7
2013-12-05,0.3,0.0,13.3,8.3
2013-12-06,14.5,0.0,13.3,2.8
2013-12-07,4.3,0.0,6.1,0.0
2013-12-08,0.8,18.0,1.1,-2.1
2013-12-09,6.4,0.0,5.6,0.0
2013-12-10,7.1,53.0,3.3,-1.0
2013-12-11,0.0,0.0,0.0,-2.7
2013-12-12,0.0,0.0,-1.0,-4.9
2013-12-13,0.0,0.0,2.2,-4.3
2013-12-14,14.5,81.0,6.1,-3.8
2013-12-15,20.8,0.0,8.3,0.6
2013-12-16,0.0,0.0,1.7,-3.8
2013-12-17,3.3,18.0,1.1,-3.8
2013-12-18,0.0,0.0,3.3,-3.8
2013-12-19,0.0,0.0,7.2,-1.6
2013-12-20,0.0,0.0,10.6,2.2
2013-12-21,0.0,0.0,12.8,5.6
2013-12-22,0.0,0.0,17.8,10.0
2013-12-23,12.4,0.0,13.9,6.1
2013-12-24,0.0,0.0,6.1,-2.7
2013-12-25,0.0,0.0,0.0,-6.6
2013-12-26,0.0,0.0,3.3,-2.1
2013-12-27,0.0,0.0,5.6,-0.5
2013-12-28,0.0,0.0,11.7,-0.5
2013-12-29,30.0,0.0,9.4,3.3
2013-12-30,0.0,0.0,8.3,-4.3
2013-12-31,0.0,0.0,1.1,-6.0
2014-01-01,0.0,0.0,1.1,-4.3
2014-01-02,3.3,61.0,0.6,-7.1
2014-01-03,5.6,140.0,-7.1,-12.7
2014-01-04,0.0,0.0,-0.5,-16.0
2014-01-05,2.5,0.0,9.4,-4.9
2014-01-06,10.4,0.0,11.7,-6.6
2014-01-07,0.0,0.0,-6.6,-14.3
2014-01-08,0.0,0.0,-4.3,-12.1
2014-01-09,0.0,0.0,1.1,-5.5
2014-01-10,4.8,3.0,3.3,-4.3
2014-01-11,18.3,0.0,12.2,3.3
2014-01-12,0.0,0.0,11.1,0.6
2014-01-13,0.0,0.0,10.0,-1.0
2014-01-14,14.0,0.0,8.9,6.1
2014-01-15,0.0,0.0,6.7,0.0
2014-01-16,0.0,0.0,5.6,1.7
2014-01-17,0.0,0.0,7.2,-2.1
2014-01-18,6.1,3.0,5.6,-2.1
2014-01-19,0.0,0.0,3.3,-3.2
2014-01-20,0.0,0.0,8.9,0.6
2014-01-21,8.9,173.0,0.6,-10.5
2014-01-22,0.3,8.0,-7.7,-13.8
2014-01-23,0.0,0.0,-6.0,-13.2
2014-01-24,0.0,0.0,-6.6,-11.6
2014-01-25,1.0,20.0,-1.0,-6.6
2014-01-26,0.0,0.0,2.2,-7.7
2014-01-27,0.0,0.0,7.2,-5.5
2014-01-28,0.0,0.0,-5.5,-9.9
2014-01-29,1.3,25.0,-4.3,-8.8
2014-01-30,0.0,0.0,-2.1,-9.9
2014-01-31,0.0,0.0,6.1,-3.8
2014-02-01,0.0,0.0,6.1,-1.0
2014-02-02,0.0,0.0,11.1,-1.0
2014-02-03,27.4,170.0,6.7,-2.1
2014-02-04,0.0,0.0,1.7,-5.5
2014-02-05,30.5,56.0,1.7,-1.0
2014-02-06,0.0,0.0,0.0,-4.3
2014-02-07,0.0,0.0,0.0,-3.8
2014-02-08,0.0,0.0,-1.6,-6.0
2014-02-09,3.3,38.0,-1.0,-6.6
2014-02-10,0.0,0.0,-1.6,-6.0
2014-02-11,0.0,0.0,-3.8,-8.8
2014-02-12,0.0,0.0,-2.7,-11.0
2014-02-13,32.3,140.0,2.2,-3.2
2014-02-14,3.3,36.0,5.0,0.0
2014-02-15,2.8,41.0,2.8,-2.1
2014-02-16,0.0,0.0,-1.0,-5.5
2014-02-17,0.0,0.0,0.0,-7.1
2014-02-18,3.8,41.0,4.4,-3.2
2014-02-19,7.9,0.0,6.7,-2.7
2014-02-20,0.5,0.0,6.7,0.6
2014-02-21,3.6,0.0,8.3,1.7
2014-02-22,0.0,0.0,11.7,1.1
2014-02-23,0.0,0.0,12.8,1.7
2014-02-24,0.5,0.0,7.2,-2.1
2014-02-25,0.0,0.0,1.7,-3.2
2014-02-26,0.8,13.0,0.6,-6.6
2014-02-27,0.0,0.0,1.7,-9.3
2014-02-28,0.0,0.0,-3.2,-11.6
2014-03-01,0.0,0.0,2.2,-8.2
2014-03-02,0.0,0.0,6.1,-1.0
2014-03-03,1.0,15.0,1.7,-7.7
2014-03-04,0.0,0.0,-1.6,-10.5
2014-03-05,0.0,0.0,4.4,-3.8
2014-03-06,0.0,0.0,-0.5,-8.2
2014-03-07,0.0,0.0,2.2,-2.7
2014-03-08,0.0,0.0,15.6,0.0
2014-03-09,0.0,0.0,8.3,2.2
2014-03-10,0.0,0.0,10.6,1.7
2014-03-11,0.0,0.0,18.3,3.3
2014-03-12,3.8,0.0,13.9,1.1
2014-03-13,0.0,0.0,1.1,-7.1
2014-03-14,0.0,0.0,5.6,-5.5
2014-03-15,0.3,0.0,16.1,4.4
2014-03-16,0.0,0.0,6.1,-0.5
2014-03-17,0.0,0.0,1.1,-3.8
2014-03-18,0.0,0.0,6.1,-3.8
2014-03-19,18.3,0.0,7.8,-2.1
2014-03-20,0.0,0.0,13.3,5.6
2014-03-21,0.0,0.0,12.2,1.1
2014-03-22,0.0,0.0,18.3,1.7
2014-03-23,0.0,0.0,7.8,-2.1
2014-03-24,0.0,0.0,2.2,-5.5
2014-03-25,0.0,0.0,3.9,-4.9
2014-03-26,0.0,0.0,3.9,-3.8
2014-03-27,0.0,0.0,3.9,-4.9
2014-03-28,0.0,0.0,10.6,2.2
2014-03-29,66.0,0.0,11.1,5.0
2014-03-30,13.5,0.0,12.8,4.4
2014-03-31,5.3,0.0,13.3,1.1
2014-04-01,0.0,0.0,13.9,2.8
2014-04-02,0.8,0.0,8.9,3.3
2014-04-03,2.0,0.0,17.2,3.9
2014-04-04,2.5,0.0,7.2,5.0
2014-04-05,0.0,0.0,13.9,5.0
2014-04-06,0.0,0.0,13.9,2.8
2014-04-07,8.9,0.0,10.6,2.8
2014-04-08,6.4,0.0,18.9,8.3
2014-04-09,0.0,0.0,17.8,6.1
2014-04-10,0.0,0.0,11.7,3.3
2014-04-11,0.0,0.0,20.6,8.3
2014-04-12,0.0,0.0,20.0,9.4
2014-04-13,0.0,0.0,18.3,8.3
2014-04-14,0.0,0.0,18.9,10.6
2014-04-15,16.5,3.0,13.3,1.1
2014-04-16,2.0,0.0,9.4,0.0
2014-04-17,0.0,0.0,8.3,1.7
2014-04-18,0.0,0.0,7.8,2.2
2014-04-19,0.0,0.0,20.0,4.4
2014-04-20,0.0,0.0,12.2,5.6
2014-04-21,0.0,0.0,14.4,2.8
2014-04-22,0.0,0.0,16.7,7.2
2014-04-23,0.0,0.0,17.2,7.2
2014-04-24,0.0,0.0,17.8,6.1
2014-04-25,0.0,0.0,15.0,6.1
2014-04-26,18.0,0.0,19.4,7.8
2014-04-27,0.0,0.0,16.1,7.8
2014-04-28,0.0,0.0,18.9,7.2
2014-04-29,1.3,0.0,10.6,6.7
2014-04-30,118.9,0.0,13.3,5.6
2014-05-01,6.1,0.0,21.7,11.7
2014-05-02,0.3,0.0,20.6,11.1
2014-05-03,0.0,0.0,18.9,9.4
2014-05-04,0.0,0.0,18.9,11.7
2014-05-05,0.0,0.0,20.6,10.0
2014-05-06,0.0,0.0,20.6,10.0
2014-05-07,0.0,0.0,17.8,10.0
2014-05-08,9.7,0.0,14.4,10.6
2014-05-09,1.0,0.0,17.2,13.3
2014-05-10,20.1,0.0,25.0,12.2
2014-05-11,0.5,0.0,26.1,16.1
2014-05-12,0.0,0.0,24.4,13.3
2014-05-13,0.0,0.0,21.1,10.6
2014-05-14,0.0,0.0,17.8,10.0
2014-05-15,3.6,0.0,21.7,15.6
2014-05-16,32.0,0.0,18.9,15.6
2014-05-17,0.0,0.0,21.1,12.8
2014-05-18,0.0,0.0,20.6,11.1
2014-05-19,0.0,0.0,23.3,10.0
2014-05-20,0.0,0.0,26.1,12.8
2014-05-21,0.0,0.0,23.9,15.6
2014-05-22,8.1,0.0,16.7,14.4
2014-05-23,8.1,0.0,20.6,13.9
2014-05-24,1.3,0.0,21.1,13.9
2014-05-25,0.0,0.0,25.6,13.3
2014-05-26,0.0,0.0,29.4,15.6
2014-05-27,0.0,0.0,28.9,17.8
2014-05-28,0.0,0.0,19.4,11.7
2014-05-29,0.0,0.0,16.7,11.1
2014-05-30,0.8,0.0,21.1,11.7
2014-05-31,0.0,0.0,22.2,12.8
2014-06-01,0.0,0.0,23.9,12.2
2014-06-02,0.0,0.0,23.3,13.9
2014-06-03,0.0,0.0,26.7,16.7
2014-06-04,0.0,0.0,27.8,17.2
2014-06-05,12.7,0.0,25.0,16.7
2014-06-06,0.0,0.0,26.1,17.2
2014-06-07,0.0,0.0,26.7,16.1
2014-06-08,0.0,0.0,29.4,16.1
2014-06-09,24.1,0.0,20.0,17.2
2014-06-10,0.0,0.0,25.6,19.4
2014-06-11,0.0,0.0,21.1,16.1
2014-06-12,0.3,0.0,24.4,16.1
2014-06-13,25.1,0.0,27.2,19.4
2014-06-14,0.0,0.0,26.1,16.7
2014-06-15,0.0,0.0,27.8,15.6
2014-06-16,0.0,0.0,25.0,17.8
2014-06-17,0.0,0.0,27.8,20.0
2014-06-18,0.0,0.0,32.8,23.3
2014-06-19,1.3,0.0,24.4,20.6
2014-06-20,0.0,0.0,28.3,18.3
2014-06-21,0.0,0.0,23.9,16.7
2014-06-22,0.0,0.0,25.0,16.1
2014-06-23,0.0,0.0,27.2,16.7
2014-06-24,0.0,0.0,26.1,18.3
2014-06-25,2.3,0.0,28.3,20.0
2014-06-26,0.5,0.0,31.7,21.1
2014-06-27,0.0,0.0,26.1,18.3
2014-06-28,0.0,0.0,30.0,18.9
2014-06-29,0.0,0.0,26.1,18.3
2014-06-30,0.0,0.0,26.7,19.4
2014-07-01,0.0,0.0,28.9,21.7
2014-07-02,13.2,0.0,29.4,21.7
2014-07-03,8.9,0.0,29.4,21.7
2014-07-04,8.1,0.0,24.4,18.9
2014-07-05,0.0,0.0,28.9,18.3
2014-07-06,0.0,0.0,28.3,18.9
2014-07-07,0.0,0.0,28.3,21.1
2014-07-08,0.0,0.0,31.1,22.2
2014-07-09,0.3,0.0,28.9,21.7
2014-07-10,0.8,0.0,29.4,21.7
2014-07-11,0.0,0.0,29.4,19.4
2014-07-12,0.0,0.0,27.8,18.9
2014-07-13,1.5,0.0,26.7,20.6
2014-07-14,47.5,0.0,28.3,21.1
2014-07-15,26.2,0.0,27.8,20.6
2014-07-16,0.3,0.0,28.3,21.1
2014-07-17,0.0,0.0,27.8,19.4
2014-07-18,0.0,0.0,28.9,18.3
2014-07-19,0.0,0.0,26.1,20.0
2014-07-20,0.0,0.0,25.6,20.0
2014-07-21,0.0,0.0,28.3,18.3
2014-07-22,0.0,0.0,28.9,20.0
2014-07-23,0.5,0.0,28.3,21.7
2014-07-24,0.0,0.0,28.3,22.2
2014-07-25,0.0,0.0,28.3,19.4
2014-07-26,2.3,0.0,27.2,20.6
2014-07-27,0.3,0.0,28.9,21.7
2014-07-28,13.0,0.0,28.9,20.6
2014-07-29,0.0,0.0,26.1,17.8
2014-07-30,0.0,0.0,26.7,17.8
2014-07-31,0.0,0.0,27.8,18.3
2014-08-01,0.0,0.0,27.8,21.7
2014-08-02,10.2,0.0,24.4,18.3
2014-08-03,2.3,0.0,25.6,18.9
2014-08-04,0.0,0.0,27.2,21.1
2014-08-05,0.0,0.0,29.4,21.1
2014-08-06,0.0,0.0,29.4,21.7
2014-08-07,0.0,0.0,30.0,19.4
2014-08-08,0.0,0.0,28.9,18.3
2014-08-09,0.0,0.0,30.0,18.9
2014-08-10,0.0,0.0,30.6,20.0
2014-08-11,0.0,0.0,28.9,19.4
2014-08-12,8.6,0.0,26.7,22.2
2014-08-13,74.2,0.0,29.4,20.0
2014-08-14,0.0,0.0,26.7,18.3
2014-08-15,0.0,0.0,24.4,16.7
2014-08-16,0.0,0.0,25.0,17.2
2014-08-17,0.0,0.0,29.4,18.9
2014-08-18,0.0,0.0,27.8,17.2
2014-08-19,0.0,0.0,26.7,17.8
2014-08-20,0.0,0.0,26.7,18.9
2014-08-21,5.3,0.0,26.1,19.4
2014-08-22,3.3,0.0,25.6,19.4
2014-08-23,0.0,0.0,23.3,18.9
2014-08-24,0.0,0.0,27.2,16.7
2014-08-25,0.0,0.0,30.6,17.2
2014-08-26,0.0,0.0,27.8,19.4
2014-08-27,0.0,0.0,30.0,19.4
2014-08-28,0.0,0.0,28.9,20.0
2014-08-29,0.0,0.0,25.6,17.2
2014-08-30,0.0,0.0,25.6,17.2
2014-08-31,3.6,0.0,29.4,22.8
2014-09-01,0.0,0.0,30.0,23.3
2014-09-02,0.0,0.0,33.3,23.3
2014-09-03,0.0,0.0,31.1,22.2
2014-09-04,0.0,0.0,29.4,20.0
2014-09-05,0.0,0.0,29.4,21.7
2014-09-06,1.0,0.0,30.0,20.0
2014-09-07,0.0,0.0,27.8,18.9
2014-09-08,0.0,0.0,25.6,18.3
2014-09-09,0.0,0.0,23.9,17.8
2014-09-10,0.0,0.0,25.6,17.2
2014-09-11,0.0,0.0,29.4,20.6
2014-09-12,0.0,0.0,26.1,17.2
2014-09-13,7.4,0.0,21.1,15.6
2014-09-14,0.0,0.0,22.2,12.2
2014-09-15,0.0,0.0,21.7,12.8
2014-09-16,6.6,0.0,19.4,15.6
2014-09-17,0.0,0.0,22.8,12.8
2014-09-18,0.0,0.0,25.6,13.9
2014-09-19,0.0,0.0,19.4,13.3
2014-09-20,9.4,0.0,23.9,12.2
2014-09-21,5.3,0.0,25.0,19.4
2014-09-22,0.0,0.0,22.8,12.8
2014-09-23,0.0,0.0,20.6,10.6
2014-09-24,0.0,0.0,22.2,13.3
2014-09-25,5.8,0.0,17.8,15.6
2014-09-26,0.0,0.0,26.1,15.0
2014-09-27,0.0,0.0,28.9,16.7
2014-09-28,0.0,0.0,25.6,16.7
2014-09-29,0.0,0.0,25.6,17.8
2014-09-30,0.8,0.0,21.1,16.7
2014-10-01,0.0,0.0,19.4,16.7
2014-10-02,0.0,0.0,20.0,16.1
2014-10-03,0.0,0.0,20.0,12.8
2014-10-04,17.8,0.0,22.2,11.1
2014-10-05,0.0,0.0,16.1,8.3
2014-10-06,0.0,0.0,21.1,7.2
2014-10-07,0.5,0.0,23.3,18.3
2014-10-08,0.5,0.0,23.9,16.7
2014-10-09,0.0,0.0,20.6,13.3
2014-10-10,0.0,0.0,17.8,11.1
2014-10-11,11.4,0.0,15.0,10.0
2014-10-12,0.0,0.0,18.3,7.8
2014-10-13,2.0,0.0,18.9,7.8
2014-10-14,0.0,0.0,23.9,17.8
2014-10-15,0.3,0.0,24.4,20.0
2014-10-16,19.8,0.0,21.7,15.6
2014-10-17,0.0,0.0,22.2,15.6
2014-10-18,0.0,0.0,22.2,13.9
2014-10-19,0.0,0.0,14.4,6.7
2014-10-20,0.0,0.0,16.1,5.6
2014-10-21,1.3,0.0,19.4,11.7
2014-10-22,36.1,0.0,14.4,11.1
2014-10-23,3.0,0.0,12.2,10.6
2014-10-24,0.0,0.0,17.2,10.6
2014-10-25,0.0,0.0,20.0,10.0
2014-10-26,0.0,0.0,18.3,12.2
2014-10-27,0.0,0.0,17.8,10.0
2014-10-28,0.0,0.0,21.1,8.9
2014-10-29,0.8,0.0,23.3,11.1
2014-10-30,0.0,0.0,16.1,7.8
2014-10-31,0.3,0.0,12.8,7.8
2014-11-01,26.2,0.0,9.4,6.1
2014-11-02,0.0,0.0,10.0,5.0
2014-11-03,0.0,0.0,16.1,4.4
2014-11-04,0.0,0.0,19.4,10.0
2014-11-05,0.0,0.0,18.3,11.1
2014-11-06,10.9,0.0,12.2,9.4
2014-11-07,0.0,0.0,12.2,5.0
2014-11-08,0.0,0.0,8.9,2.2
2014-11-09,0.0,0.0,13.9,6.7
2014-11-10,0.0,0.0,15.0,3.3
2014-11-11,0.0,0.0,17.8,5.6
2014-11-12,0.0,0.0,18.9,7.2
2014-11-13,2.8,0.0,9.4,3.3
2014-11-14,1.8,0.0,6.7,2.8
2014-11-15,0.0,0.0,6.1,-1.0
2014-11-16,0.0,0.0,7.2,-0.5
2014-11-17,34.8,0.0,12.8,4.4
2014-11-18,0.0,0.0,7.8,-3.8
2014-11-19,0.0,0.0,2.8,-4.9
2014-11-20,0.0,0.0,8.9,0.0
2014-11-21,0.0,0.0,3.3,-2.1
2014-11-22,0.0,0.0,6.7,-3.2
2014-11-23,0.0,0.0,12.8,6.1
2014-11-24,11.4,0.0,17.8,12.8
2014-11-25,0.0,0.0,16.7,8.9
2014-11-26,25.4,3.0,11.1,2.2
2014-11-27,0.5,0.0,3.9,2.2
2014-11-28,0.0,0.0,5.0,-2.1
2014-11-29,0.0,0.0,7.8,-3.2
2014-11-30,0.0,0.0,11.7,7.2
2014-12-01,1.8,0.0,16.7,5.6
2014-12-02,2.3,0.0,8.3,2.2
2014-12-03,3.8,0.0,8.9,5.6
2014-12-04,0.0,0.0,8.3,2.2
2014-12-05,14.0,0.0,10.0,1.7
2014-12-06,31.5,0.0,11.1,5.0
2014-12-07,1.3,0.0,6.7,-0.5
2014-12-08,0.0,0.0,2.8,-3.2
2014-12-09,77.2,0.0,8.9,2.8
2014-12-10,2.8,8.0,5.6,1.1
2014-12-11,0.0,0.0,4.4,0.0
2014-12-12,0.0,0.0,5.0,0.6
2014-12-13,0.0,0.0,8.3,1.1
2014-12-14,0.0,0.0,8.3,2.8
2014-12-15,0.0,0.0,8.9,1.1
2014-12-16,7.6,0.0,10.0,0.6
2014-12-17,0.8,0.0,12.8,6.1
2014-12-18,0.0,0.0,6.7,3.3
2014-12-19,0.0,0.0,4.4,0.0
2014-12-20,0.0,0.0,1.1,-0.5
2014-12-21,0.0,0.0,3.3,0.6
2014-12-22,1.0,0.0,8.9,2.8
2014-12-23,5.3,0.0,10.0,8.3
2014-12-24,26.7,0.0,13.9,8.3
2014-12-25,1.5,0.0,13.9,5.6
2014-12-26,0.0,0.0,10.6,3.3
2014-12-27,0.0,0.0,12.2,2.8
2014-12-28,1.3,0.0,12.2,5.6
2014-12-29,0.0,0.0,7.8,1.7
2014-12-30,0.0,0.0,2.2,-2.1
2014-12-31,0.0,0.0,1.1,-2.1
2015-01-01,0.0,0.0,4.4,-2.1
2015-01-02,0.0,0.0,7.2,1.7
2015-01-03,23.9,0.0,8.3,-1.0
2015-01-04,11.9,0.0,12.8,6.1
2015-01-05,0.0,0.0,10.6,-4.9
2015-01-06,1.8,28.0,-4.9,-7.1
2015-01-07,0.0,0.0,-3.8,-12.1
2015-01-08,0.0,0.0,-5.5,-13.2
2015-01-09,1.8,33.0,1.1,-6.0
2015-01-10,0.0,0.0,-4.3,-7.7
2015-01-11,0.0,0.0,3.3,-6.6
2015-01-12,17.8,0.0,4.4,1.1
2015-01-13,0.0,0.0,2.8,-7.1
2015-01-14,0.0,0.0,0.6,-7.1
2015-01-15,0.0,0.0,1.7,-2.7
2015-01-16,0.0,0.0,7.2,-6.6
2015-01-17,0.0,0.0,0.0,-7.7
2015-01-18,41.1,0.0,8.3,-2.7
2015-01-19,0.0,0.0,7.2,1.7
2015-01-20,0.0,0.0,5.0,0.0
2015-01-21,0.0,0.0,3.3,-3.2
2015-01-22,0.0,0.0,5.0,-0.5
2015-01-23,0.0,0.0,3.9,-2.1
2015-01-24,19.1,86.0,4.4,0.6
2015-01-25,0.0,0.0,7.2,0.0
2015-01-26,8.4,130.0,0.0,-4.3
2015-01-27,7.9,142.0,-2.7,-6.6
2015-01-28,0.0,0.0,0.6,-8.2
2015-01-29,0.3,0.0,2.8,-8.2
2015-01-30,1.0,15.0,3.3,-7.1
2015-01-31,0.0,0.0,-2.7,-9.9
2015-02-01,0.8,8.0,2.2,-6.0
2015-02-02,30.0,107.0,1.7,-9.3
2015-02-03,0.0,0.0,-3.2,-9.9
2015-02-04,0.0,0.0,3.9,-5.5
2015-02-05,0.0,3.0,3.9,-9.3
2015-02-06,0.0,0.0,-2.7,-10.5
2015-02-07,0.0,0.0,2.8,-3.8
2015-02-08,0.0,0.0,5.6,-1.6
2015-02-09,3.6,3.0,-1.6,-3.2
2015-02-10,0.0,0.0,4.4,-3.2
2015-02-11,0.0,0.0,1.7,-4.9
2015-02-12,0.0,0.0,4.4,-7.7
2015-02-13,0.0,0.0,-4.9,-12.7
2015-02-14,0.3,10.0,1.7,-8.8
2015-02-15,0.3,8.0,-2.7,-14.9
2015-02-16,0.0,0.0,-4.9,-14.9
2015-02-17,4.8,89.0,-2.7,-8.8
2015-02-18,0.0,0.0,-0.5,-9.3
2015-02-19,0.0,0.0,-2.7,-12.7
2015-02-20,0.0,0.0,-6.0,-16.0
2015-02-21,15.0,114.0,0.6,-11.6
2015-02-22,5.1,5.0,6.1,0.0
2015-02-23,0.0,0.0,3.3,-12.7
2015-02-24,0.0,0.0,-2.1,-13.8
2015-02-25,0.0,0.0,2.8,-7.1
2015-02-26,0.0,0.0,0.0,-4.9
2015-02-27,0.0,0.0,0.0,-6.6
2015-02-28,0.0,0.0,-0.5,-9.3
2015-03-01,13.0,79.0,0.6,-6.6
2015-03-02,0.0,0.0,3.9,-2.1
2015-03-03,17.8,30.0,2.2,-7.1
2015-03-04,7.6,0.0,5.0,0.6
2015-03-05,18.5,147.0,5.0,-6.0
2015-03-06,0.0,0.0,-3.8,-10.5
2015-03-07,0.0,0.0,2.8,-8.8
2015-03-08,0.0,0.0,8.9,-1.0
2015-03-09,0.5,0.0,12.2,0.0
2015-03-10,12.4,0.0,10.0,1.1
2015-03-11,0.5,0.0,16.7,4.4
2015-03-12,0.0,0.0,10.0,2.2
2015-03-13,0.0,0.0,5.0,-1.0
2015-03-14,28.2,0.0,9.4,3.9
2015-03-15,0.0,0.0,7.8,2.8
2015-03-16,0.0,0.0,10.0,2.2
2015-03-17,0.5,0.0,15.6,1.1
2015-03-18,0.0,0.0,5.0,-1.0
2015-03-19,0.0,0.0,6.7,-1.0
2015-03-20,8.4,76.0,4.4,-0.5
2015-03-21,0.5,0.0,8.9,-1.0
2015-03-22,0.0,0.0,7.2,-2.1
2015-03-23,0.0,0.0,5.0,-4.3
2015-03-24,0.0,0.0,6.1,-3.2
2015-03-25,3.0,0.0,7.8,-1.0
2015-03-26,6.4,0.0,12.2,5.0
2015-03-27,5.8,0.0,8.3,5.0
2015-03-28,0.0,0.0,5.6,-2.1
2015-03-29,0.0,0.0,7.8,-2.7
2015-03-30,0.0,0.0,14.4,2.2
2015-03-31,0.8,0.0,8.9,2.8
2015-04-01,0.0,0.0,11.7,1.1
2015-04-02,0.0,0.0,13.9,0.6
2015-04-03,2.8,0.0,15.0,7.8
2015-04-04,0.0,0.0,13.3,6.7
2015-04-05,0.0,0.0,18.3,3.3
2015-04-06,0.0,0.0,15.6,3.9
2015-04-07,0.8,0.0,13.9,6.7
2015-04-08,0.3,0.0,9.4,2.2
2015-04-09,0.0,0.0,6.7,3.3
2015-04-10,4.8,0.0,14.4,4.4
2015-04-11,0.0,0.0,16.1,7.2
2015-04-12,0.0,0.0,16.1,6.1
2015-04-13,0.0,0.0,16.7,6.1
2015-04-14,1.0,0.0,18.9,10.0
2015-04-15,0.0,0.0,22.2,10.0
2015-04-16,0.0,0.0,15.6,8.9
2015-04-17,2.8,0.0,20.6,11.1
2015-04-18,0.0,0.0,22.8,10.6
2015-04-19,0.0,0.0,16.7,8.3
2015-04-20,22.1,0.0,14.4,8.3
2015-04-21,1.5,0.0,19.4,10.0
2015-04-22,4.8,0.0,17.2,7.8
2015-04-23,0.0,0.0,12.2,5.6
2015-04-24,0.0,0.0,11.1,3.9
2015-04-25,0.0,0.0,15.0,3.9
2015-04-26,0.0,0.0,15.0,6.1
2015-04-27,0.0,0.0,17.2,9.4
2015-04-28,0.0,0.0,21.7,10.6
2015-04-29,0.0,0.0,25.0,10.0
2015-04-30,0.0,0.0,17.2,8.9
2015-05-01,0.0,0.0,13.3,8.3
2015-05-02,0.0,0.0,16.1,6.1
2015-05-03,0.0,0.0,19.4,7.8
2015-05-04,0.0,0.0,23.3,10.0
2015-05-05,0.0,0.0,27.8,12.8
2015-05-06,0.0,0.0,21.1,12.2
2015-05-07,0.0,0.0,22.2,10.6
2015-05-08,0.0,0.0,22.2,11.7
2015-05-09,0.5,0.0,17.8,14.4
2015-05-10,0.0,0.0,23.3,14.4
2015-05-11,0.0,0.0,25.0,16.7
2015-05-12,0.3,0.0,30.6,18.3
2015-05-13,0.0,0.0,22.8,12.8
2015-05-14,0.0,0.0,21.7,10.6
2015-05-15,0.0,0.0,21.7,11.7
2015-05-16,10.4,0.0,21.1,14.4
2015-05-17,0.0,0.0,27.2,16.1
2015-05-18,0.0,0.0,20.0,13.9
2015-05-19,0.0,0.0,23.9,13.9
2015-05-20,0.0,0.0,20.6,12.2
2015-05-21,0.0,0.0,16.7,11.1
2015-05-22,0.0,0.0,26.1,12.2
2015-05-23,0.0,0.0,20.0,10.6
2015-05-24,0.0,0.0,23.3,11.7
2015-05-25,0.0,0.0,25.0,13.9
2015-05-26,0.0,0.0,24.4,15.6
2015-05-27,0.0,0.0,23.3,16.1
2015-05-28,0.0,0.0,25.6,15.6
2015-05-29,0.0,0.0,26.7,17.2
2015-05-30,0.0,0.0,25.6,16.7
2015-05-31,0.5,0.0,26.1,17.2
2015-06-01,19.8,0.0,17.2,11.1
2015-06-02,8.6,0.0,13.3,10.6
2015-06-03,0.0,0.0,20.0,11.7
2015-06-04,0.0,0.0,19.4,12.8
2015-06-05,0.0,0.0,20.6,13.9
2015-06-06,5.1,0.0,26.1,15.0
2015-06-07,0.0,0.0,21.7,13.3
2015-06-08,0.5,0.0,22.8,16.1
2015-06-09,0.0,0.0,29.4,17.8
2015-06-10,0.0,0.0,26.1,18.3
2015-06-11,0.0,0.0,30.6,18.9
2015-06-12,0.0,0.0,29.4,21.7
2015-06-13,0.0,0.0,31.1,19.4
2015-06-14,7.9,0.0,30.0,18.9
2015-06-15,27.7,0.0,27.2,18.9
2015-06-16,2.0,0.0,26.1,18.9
2015-06-17,0.0,0.0,27.2,18.9
2015-06-18,0.0,0.0,21.7,18.3
2015-06-19,0.0,0.0,31.7,19.4
2015-06-20,8.1,0.0,23.9,19.4
2015-06-21,13.0,0.0,32.2,21.7
2015-06-22,0.0,0.0,31.7,23.3
2015-06-23,0.5,0.0,31.7,22.2
2015-06-24,0.0,0.0,30.0,20.6
2015-06-25,0.0,0.0,27.8,19.4
2015-06-26,0.0,0.0,27.2,20.6
2015-06-27,25.9,0.0,21.7,16.7
2015-06-28,7.6,0.0,24.4,17.8
2015-06-29,0.0,0.0,26.1,17.8
2015-06-30,0.0,0.0,27.2,18.9
2015-07-01,6.6,0.0,29.4,21.7
2015-07-02,0.8,0.0,26.7,20.6
2015-07-03,0.0,0.0,27.8,18.3
2015-07-04,0.3,0.0,26.7,19.4
2015-07-05,0.0,0.0,27.2,19.4
2015-07-06,0.0,0.0,28.3,20.6
2015-07-07,0.0,0.0,28.9,23.3
2015-07-08,13.5,0.0,31.7,23.3
2015-07-09,8.1,0.0,25.0,22.2
2015-07-10,0.0,0.0,30.0,22.8
2015-07-11,0.0,0.0,30.0,21.1
2015-07-12,0.0,0.0,30.0,21.7
2015-07-13,0.0,0.0,28.9,22.2
2015-07-14,3.3,0.0,26.7,22.8
2015-07-15,1.0,0.0,27.8,22.8
2015-07-16,0.0,0.0,26.1,18.9
2015-07-17,0.0,0.0,26.7,19.4
2015-07-18,0.5,0.0,28.3,22.8
2015-07-19,0.0,0.0,31.7,23.9
2015-07-20,0.0,0.0,35.0,26.1
2015-07-21,0.0,0.0,31.7,24.4
2015-07-22,0.0,0.0,31.7,22.2
2015-07-23,0.0,0.0,31.1,21.1
2015-07-24,0.0,0.0,30.6,20.0
2015-07-25,0.0,0.0,28.9,21.1
2015-07-26,0.0,0.0,30.6,21.7
2015-07-27,0.0,0.0,29.4,23.9
2015-07-28,0.0,0.0,31.7,22.8
2015-07-29,0.0,0.0,35.0,23.3
2015-07-30,24.6,0.0,29.4,24.4
2015-07-31,0.0,0.0,33.9,22.8
2015-08-01,0.0,0.0,32.8,23.3
2015-08-02,0.0,0.0,30.6,21.1
2015-08-03,0.0,0.0,31.7,21.7
2015-08-04,0.3,0.0,33.3,21.1
2015-08-05,0.0,0.0,32.8,21.7
2015-08-06,0.0,0.0,30.0,20.6
2015-08-07,0.0,0.0,30.0,20.6
2015-08-08,0.0,0.0,28.3,19.4
2015-08-09,0.0,0.0,30.6,18.9
2015-08-10,0.0,0.0,27.2,20.0
2015-08-11,28.7,0.0,27.2,22.2
2015-08-12,0.0,0.0,31.1,22.8
2015-08-13,0.0,0.0,30.6,20.6
2015-08-14,0.0,0.0,30.0,18.9
2015-08-15,0.0,0.0,31.1,21.1
2015-08-16,0.0,0.0,32.2,23.3
2015-08-17,0.0,0.0,32.8,23.3
2015-08-18,0.0,0.0,30.0,23.9
2015-08-19,0.0,0.0,30.0,24.4
2015-08-20,0.0,0.0,30.6,25.0
2015-08-21,63.0,0.0,30.6,22.8
2015-08-22,0.0,0.0,30.0,21.1
2015-08-23,0.0,0.0,28.3,20.6
2015-08-24,0.0,0.0,28.9,21.7
2015-08-25,0.3,0.0,29.4,23.9
2015-08-26,0.0,0.0,28.9,20.0
2015-08-27,0.0,0.0,28.3,20.0
2015-08-28,0.0,0.0,27.8,17.8
2015-08-29,0.0,0.0,28.9,20.0
2015-08-30,0.0,0.0,28.9,20.6
2015-08-31,0.0,0.0,32.8,23.9
2015-09-01,0.0,0.0,30.6,22.8
2015-09-02,0.0,0.0,30.0,21.7
2015-09-03,0.0,0.0,33.9,22.8
2015-09-04,0.0,0.0,29.4,21.1
2015-09-05,0.0,0.0,27.2,17.2
2015-09-06,0.0,0.0,26.7,16.7
2015-09-07,0.0,0.0,30.0,21.1
2015-09-08,0.0,0.0,32.8,22.8
2015-09-09,1.8,0.0,30.6,23.9
2015-09-10,30.0,0.0,26.1,21.7
2015-09-11,0.8,0.0,27.8,18.9
2015-09-12,6.9,0.0,26.7,20.0
2015-09-13,1.0,0.0,26.1,16.7
2015-09-14,0.0,0.0,25.6,15.6
2015-09-15,0.0,0.0,26.7,16.7
2015-09-16,0.0,0.0,28.9,16.7
2015-09-17,0.0,0.0,28.9,17.8
2015-09-18,0.0,0.0,28.3,18.3
2015-09-19,0.0,0.0,26.7,20.0
2015-09-20,0.0,0.0,26.7,17.8
2015-09-21,0.0,0.0,22.2,15.0
2015-09-22,0.0,0.0,22.8,17.2
2015-09-23,0.0,0.0,26.7,14.4
2015-09-24,0.0,0.0,28.3,15.0
2015-09-25,0.0,0.0,23.9,17.2
2015-09-26,0.0,0.0,22.8,15.0
2015-09-27,0.0,0.0,22.2,13.3
2015-09-28,1.0,0.0,26.1,16.1
2015-09-29,3.3,0.0,26.7,20.6
2015-09-30,20.8,0.0,25.6,15.6
2015-10-01,2.0,0.0,16.1,13.3
2015-10-02,46.0,0.0,13.9,10.0
2015-10-03,4.1,0.0,13.9,10.6
2015-10-04,0.0,0.0,18.9,12.2
2015-10-05,0.0,0.0,19.4,11.7
2015-10-06,0.0,0.0,23.3,10.6
2015-10-07,0.0,0.0,21.7,13.9
2015-10-08,0.0,0.0,21.1,12.8
2015-10-09,7.1,0.0,23.3,16.1
2015-10-10,0.0,0.0,18.9,11.1
2015-10-11,0.0,0.0,20.0,10.0
2015-10-12,0.0,0.0,22.2,11.7
2015-10-13,0.0,0.0,23.3,15.6
2015-10-14,0.0,0.0,21.1,14.4
2015-10-15,0.0,0.0,18.3,11.1
2015-10-16,0.0,0.0,18.9,12.2
2015-10-17,0.0,0.0,14.4,6.1
2015-10-18,0.0,0.0,11.7,3.3
2015-10-19,0.0,0.0,11.1,2.2
2015-10-20,0.0,0.0,21.1,9.4
2015-10-21,0.0,0.0,21.7,11.1
2015-10-22,0.0,0.0,21.1,11.7
2015-10-23,0.0,0.0,18.9,6.7
2015-10-24,0.0,0.0,15.0,5.6
2015-10-25,0.5,0.0,21.1,9.4
2015-10-26,0.0,0.0,15.6,7.2
2015-10-27,0.0,0.0,15.0,5.6
2015-10-28,45.5,0.0,20.0,11.1
2015-10-29,1.5,0.0,23.3,15.0
2015-10-30,0.0,0.0,17.2,8.3
2015-10-31,0.0,0.0,12.8,4.4
2015-11-01,0.0,0.0,17.8,12.2
2015-11-02,0.0,0.0,18.3,10.6
2015-11-03,0.0,0.0,21.1,7.2
2015-11-04,0.0,0.0,20.6,10.0
2015-11-05,0.3,0.0,20.6,11.7
2015-11-06,0.0,0.0,23.9,16.7
2015-11-07,0.0,0.0,21.1,12.8
2015-11-08,0.0,0.0,15.6,6.1
2015-11-09,0.0,0.0,15.0,3.9
2015-11-10,11.4,0.0,15.0,11.7
2015-11-11,2.3,0.0,15.0,10.0
2015-11-12,1.3,0.0,15.6,11.1
2015-11-13,0.0,0.0,16.1,8.9
2015-11-14,0.0,0.0,10.6,5.6
2015-11-15,0.0,0.0,15.0,4.4
2015-11-16,0.0,0.0,20.6,7.2
2015-11-17,0.0,0.0,11.7,4.4
2015-11-18,0.0,0.0,15.6,6.1
2015-11-19,14.7,0.0,17.2,14.4
2015-11-20,0.0,0.0,17.2,7.2
2015-11-21,0.0,0.0,12.8,5.6
2015-11-22,0.0,0.0,14.4,6.7
2015-11-23,0.0,0.0,7.8,1.7
2015-11-24,0.0,0.0,8.9,-0.5
2015-11-25,0.0,0.0,10.6,0.0
2015-11-26,0.0,0.0,15.6,1.7
2015-11-27,0.0,0.0,17.2,6.1
2015-11-28,0.5,0.0,18.3,7.8
2015-11-29,0.0,0.0,10.0,3.3
2015-11-30,0.0,0.0,10.0,1.1
2015-12-01,7.4,0.0,11.7,7.8
2015-12-02,3.0,0.0,13.9,8.3
2015-12-03,0.0,0.0,13.3,7.2
2015-12-04,0.0,0.0,11.7,5.0
2015-12-05,0.0,0.0,11.7,1.7
2015-12-06,0.0,0.0,10.6,3.3
2015-12-07,0.0,0.0,12.8,4.4
2015-12-08,0.0,0.0,10.6,4.4
2015-12-09,0.0,0.0,12.8,1.1
2015-12-10,0.0,0.0,15.0,8.9
2015-12-11,0.0,0.0,14.4,7.8
2015-12-12,0.0,0.0,17.8,9.4
2015-12-13,0.0,0.0,21.1,11.7
2015-12-14,9.1,0.0,16.1,11.7
2015-12-15,2.3,0.0,17.8,11.7
2015-12-16,1.3,0.0,11.7,7.2
2015-12-17,29.7,0.0,15.0,10.0
2015-12-18,0.3,0.0,14.4,3.9
2015-12-19,0.0,0.0,5.0,2.2
2015-12-20,0.0,0.0,6.7,1.7
2015-12-21,0.0,0.0,12.8,3.3
2015-12-22,4.8,0.0,15.6,11.1
2015-12-23,29.5,0.0,17.2,8.9
2015-12-24,0.5,0.0,20.6,13.9
2015-12-25,2.5,0.0,17.8,11.1
2015-12-26,0.3,0.0,15.6,9.4
2015-12-27,2.0,0.0,17.2,8.9
2015-12-28,1.3,3.0,8.9,1.7
2015-12-29,16.8,0.0,9.4,1.1
2015-12-30,9.4,0.0,10.6,5.0
2015-12-31,1.5,0.0,11.1,6.1
